method,cutoff,n_test_pos,auroc,ci_lo,ci_hi,auprc,p_at_20,auroc_rowlevel,delta
PPI_GBM,2012,265,0.918,0.9072,0.9287,0.403,0.5,0.9125,0.0055
CRISPR_Only,2012,265,0.6528,0.6171,0.6881,0.1751,0.3,0.6406,0.0122
Fusion,2012,265,0.9144,0.903,0.925,0.4128,0.7,0.9134,0.001
PPI_Proximity,2012,265,0.8952,0.8713,0.915,0.4375,0.6,0.8871,0.0081
SLant,2012,265,0.5783,0.5477,0.6089,0.1008,0.1,0.5805,-0.0022
PPI_GBM,2014,96,0.9101,0.8966,0.9227,0.1756,0.25,0.9107,-0.0006
CRISPR_Only,2014,96,0.7077,0.6522,0.7606,0.0852,0.05,0.6891,0.0186
Fusion,2014,96,0.9248,0.9106,0.9373,0.2184,0.2,0.9138,0.011
PPI_Proximity,2014,96,0.9026,0.867,0.9298,0.2381,0.35,0.8953,0.0073
SLant,2014,96,0.5539,0.5131,0.5947,0.0355,0.0,0.5543,-0.0004
PPI_GBM,2016,57,0.9083,0.8925,0.9232,0.1061,0.1,0.9015,0.0068
CRISPR_Only,2016,57,0.7163,0.644,0.7856,0.0601,0.0,0.7285,-0.0122
Fusion,2016,57,0.9098,0.8925,0.9255,0.1152,0.15,0.9117,-0.0019
PPI_Proximity,2016,57,0.8897,0.841,0.9264,0.1257,0.2,0.8832,0.0065
SLant,2016,57,0.546,0.4908,0.6031,0.0213,0.0,0.5463,-0.0003
SINaTRA,2012,265,0.9759,0.9709,0.9807,0.732,0.85,0.9719,0.004
SINaTRA,2014,96,0.9788,0.9731,0.984,0.5395,0.7,0.9754,0.0034
SINaTRA,2016,57,0.9785,0.9721,0.9841,0.3856,0.4,0.9752,0.0033
