variant,method,n_train_neg,n_test_neg,auroc,ci_lo,ci_hi,auprc,p_at_20
baseline,PPI_GBM,10794.0,2698,0.9015,0.8846,0.9174,0.0938,0.05
baseline,CRISPR_Only,10794.0,2698,0.7285,0.663,0.7903,0.0507,0.05
baseline,Fusion,10794.0,2698,0.9117,0.8958,0.9267,0.1067,0.0
excl_broad,PPI_GBM,8899.0,2224,0.9972,0.9953,0.9987,0.9145,1.0
excl_broad,CRISPR_Only,8899.0,2224,0.768,0.6979,0.8325,0.0984,0.15
excl_broad,Fusion,8899.0,2224,0.9978,0.9962,0.9989,0.9259,1.0
excl_broad,PPI_Proximity,,2224,0.9585,0.9085,0.9918,0.5165,0.45
excl_broad,SLant,,2224,0.5619,0.5056,0.6198,0.0269,0.0
seed1,PPI_GBM,10794.0,2698,0.8988,0.8818,0.9157,0.094,0.05
seed1,CRISPR_Only,10794.0,2698,0.6824,0.6092,0.7531,0.0487,0.1
seed1,Fusion,10794.0,2698,0.9169,0.9005,0.9323,0.12,0.1
seed2,PPI_GBM,10794.0,2698,0.9037,0.8885,0.9193,0.0976,0.1
seed2,CRISPR_Only,10794.0,2698,0.6928,0.6305,0.7618,0.0438,0.0
seed2,Fusion,10794.0,2698,0.9229,0.9076,0.9372,0.1336,0.1
seed3,PPI_GBM,10794.0,2698,0.9119,0.8965,0.9265,0.1075,0.1
seed3,CRISPR_Only,10794.0,2698,0.7198,0.6534,0.7831,0.052,0.1
seed3,Fusion,10794.0,2698,0.9159,0.9,0.9313,0.1244,0.1
seed4,PPI_GBM,10794.0,2698,0.9119,0.896,0.9268,0.1051,0.0
seed4,CRISPR_Only,10794.0,2698,0.7182,0.6392,0.7877,0.0587,0.0
seed4,Fusion,10794.0,2698,0.914,0.8979,0.9294,0.1153,0.1
