gene,pubs_pre2017,pubs_all
CPT2,199,697
CRABP2,104,301
CRB2,145,266
CRBN,133,1110
CREB3L3,54,154
CREBBP,1507,2642
CRIM1,51,127
CRIPT,48,96
CRISP3,109,186
CRLS1,10,67
CRMP1,110,183
CRTAM,42,113
CRY1,1138,2241
CRYGC,55,91
CSAG1,5,13
CSN2,185,422
CSNK1A1L,1,4
CSPG4,102,408
CSRNP2,2,4
CST3,1675,2215
CST9L,4,4
CSTB,354,653
CSTPP1,0,3
CT83,6,57
CTCF,2496,5125
CTLA4,6791,17423
CTNNA1,597,774
CTNNB1,6495,12590
CTPS2,8,41
CTRB1,66,118
CTRB2,60,93
CTSV,52,131
CUL3,460,1121
CUL4A,246,463
CUTC,48,160
CWC22,13,40
CWF19L2,1,5
CXADR,33,109
CXCL1,3411,7655
CXCL13,987,2921
CXCL3,283,776
CXCL9,1735,4637
CXCR1,980,1777
CXXC5,36,133
CYB5R1,5,31
CYBA,825,1126
CYBRD1,59,102
CYP11A1,2773,4233
CYP17A1,773,2109
CYP1B1,2105,3375
CYP27A1,622,1284
CYP27B1,1382,2155
CYP2A6,1550,2031
CYP2C19,4233,7561
CYRIA,1,11
CYTL1,24,73
DAAM1,88,192
DACT2,35,84
DAG1,460,576
DAGLB,15,51
DBF4,244,362
DBN1,18,69
DBP,12975,26415
DCAF6,10,25
DCAKD,1,6
DCDC2,99,176
DCLK1,189,545
DCLK2,11,26
DCLRE1A,13,30
DCLRE1B,43,72
DCP1B,5,23
DCTN1,177,383
DCUN1D2,4,7
DCUN1D3,6,11
DCUN1D4,0,5
DCUN1D5,4,14
DDC,2369,4020
DDHD1,19,42
DDHD2,26,77
DDIAS,14,46
DDIT4L,34,61
DDN,223,680
DDOST,11,63
DDX19B,24,48
DDX39B,62,160
DDX41,46,341
DDX51,4,10
DEDD2,12,22
DEF6,43,87
DEK,424,1088
DENND2B,8,19
DENND5A,10,21
DEPDC1B,8,70
DFFB,96,133
DGCR2,21,32
DHRS1,3,14
DHRS2,17,70
DHX15,19,131
DHX40,2,10
DHX9,124,417
DIO2,353,1034
DISC1,742,1132
DKK2,160,337
DKK4,87,147
DLD,1713,4484
DLEU7,22,36
DLG1,603,840
DLG5,106,170
DLX3,195,314
DMC1,452,769
DMXL2,18,61
DNAAF5,3,15
DNAH14,3,22
DNAJA2,24,63
DNAJA3,53,97
DNAJB1,206,473
DNAJB12,9,35
DNAJB2,32,61
DNAJC13,21,76
DNAJC16,0,9
DNAJC18,0,14
DNAJC2,26,48
DNAJC27,10,31
DNASE1,434,613
DNASE1L1,13,24
DNM1L,616,1977
DNMT3B,1322,2795
DNMT3L,247,420
DNPEP,11,28
DNPH1,15,46
DOCK9,27,75
DOHH,63,121
DOK6,9,23
DORIP1,0,0
DPH5,15,29
DPM3,28,50
DPY19L1,3,14
DPYSL4,26,43
DRD2,1909,3769
DSC1,185,270
DSCC1,7,36
DSG2,238,619
DTD2,3,13
DTL,315,824
DTNA,57,124
DTWD1,3,14
DTYMK,7,58
DUSP21,3,9
DUSP22,59,219
DUSP3,62,140
DUSP8,30,82
DYNC1I2,7,17
DYNC2LI1,4,26
DYNLL1,101,192
DYRK1A,436,1144
DZIP1L,4,33
DZIP3,7,20
E2F1,3478,5779
E2F4,595,874
E2F7,69,298
EARS2,14,51
EBF1,362,761
ECH1,43,106
ECHDC1,4,24
ECI2,25,62
EDC3,53,105
EDN1,320,760
EDN3,168,289
EDNRA,157,359
EEF1AKMT3,1,9
EEF1B2,8,37
EEF2,584,1151
EFCAB11,5,9
EFCAB13,1,10
EFNA3,32,112
EFNB2,128,339
EFR3B,2,19
EFTUD2,32,155
EHMT2,206,668
EID2B,1,2
EIF2A,112,378
EIF2AK2,60,395
EIF2AK3,293,887
EIF3J,22,59
EIF3L,12,39
EIF4G3,20,63
EIF5A2,71,184
EIF5AL1,0,6
EIF5B,90,158
EIF6,102,238
ELAC1,10,14
ELAVL3,89,217
ELL3,8,25
ELMO3,10,28
ELOC,83,289
ELOVL6,117,469
ELP6,24,45
EMC1,10,48
EMC3,9,50
EMD,2959,14818
EMILIN2,31,79
A4GALT,26,92
AARD,105,310
AARSD1,4,13
ABCA5,32,68
ABCA8,31,83
ABCB4,969,1490
ABCB7,60,120
ABCC1,2083,3212
ABCC8,849,1475
ABCE1,106,221
ABCG1,943,1873
ABHD2,18,68
ABHD3,4,13
ABI3,332,657
ACAA2,29,157
ACADSB,13,86
ACAP2,17,51
ACAT2,223,435
ACHE,692559,1249457
ACO1,205,434
ACOT7,14,78
ACP1,426,527
ACRBP,31,71
ACSF3,10,69
ACSL1,168,732
ACSM5,2,41
ACTA2,2348,4738
ACTL6B,14,33
ACTR1A,11,21
ACTR3,188,255
ACVR1C,74,139
ACVR2B,90,233
ACY1,79,149
ACY3,9,26
ADAM12,418,705
ADAM19,98,177
ADAM33,267,356
ADAMTSL2,26,109
ADAP1,40,70
ADARB1,550,704
ADCY2,33,108
ADCY6,18,75
ADD3,55,124
ADGRA3,11,30
ADGRB2,10,29
ADGRF1,7,51
ADGRG6,14,111
ADI1,18,50
ADIPOR2,638,1062
ADORA2A,138,639
ADPGK,12,77
ADRA2B,172,244
ADRA2C,203,254
AFF4,43,140
AGAP3,7,34
AGMAT,14,52
AGR3,65,123
AHCTF1,17,39
AIFM1,578,898
AIG1,21,49
AIPL1,112,186
AJUBA,89,206
ALDH18A1,21,143
ALDH1B1,48,149
ALDH2,1633,3155
ALDH3A1,186,424
ALDH4A1,37,89
ALDH9A1,19,65
ALDOA,68,445
ALDOB,56,244
ALG11,27,54
ALG12,35,65
ALG13,29,99
ALG3,69,168
ALKBH2,42,104
ALOX12B,53,148
ALS2,174,468
ALS2CL,9,17
AMBRA1,94,332
AMOT,101,257
AMPH,1252,1624
ANAPC1,51,90
ANK1,175,432
ANK2,140,320
ANKFY1,11,32
ANKLE2,6,35
ANKRD10,0,8
ANKRD2,50,78
ANKRD23,16,31
ANKRD33,3,13
ANKRD39,0,2
ANKRD44,2,17
ANKRD50,3,8
ANKRD54,1,4
ANKRD55,16,52
ANO1,460,1140
ANO3,35,120
ANOS1,168,263
ANP32D,5,7
ANTXR1,125,255
ANXA11,33,154
ANXA2R,0,10
ANXA3,393,879
ANXA7,56,132
AOC1,42,115
AOC3,223,367
AP1AR,5,9
AP1B1,16,49
AP2B1,11,54
AP3S1,9,20
AP5Z1,6,25
APAF1,1528,2358
APH1A,101,147
APLP2,268,354
APOA1,2033,4336
APOA5,606,1006
APOBEC1,384,560
APOBEC3B,152,508
APOD,514,877
APOE,22797,39958
APOL2,15,44
APOL5,1,4
APPBP2,10,25
APTX,136,192
AQP5,695,1407
AR,154252,293647
ARCN1,13,36
AREL1,3,20
ARHGAP10,18,71
ARHGAP22,14,38
ARHGAP33,7,18
ARHGAP35,184,244
ARHGAP5,86,149
ARHGAP6,30,65
ARHGAP8,17,29
ARHGAP9,13,48
ARHGEF18,14,48
ARHGEF19,4,15
ARHGEF33,1,6
ARHGEF4,27,58
ARID5A,11,94
ARIH1,21,83
ARIH2,17,64
ARL13B,78,284
ARL4D,10,37
ARL6IP5,81,118
ARMC10,7,21
ARMCX3,4,16
ARMT1,4,12
ARPC4,22,60
ARRB2,454,713
ARRDC1,9,37
ARRDC3,28,111
ARSH,79,196
ARSI,157,1234
ASAH1,129,352
ASB10,7,14
ASCC1,4,39
ASH1L,55,187
ASH2L,98,215
ASIC5,6,14
ASL,6837,22503
ASPSCR1,65,172
ATAD3B,16,39
ATG10,66,222
ATG13,168,552
ATG3,223,753
ATG4D,18,84
ATG9A,64,365
ATOH1,488,871
ATOSA,2,3
ATP10B,4,26
ATP11C,22,76
ATP12A,28,73
ATP13A3,7,49
ATP1B4,9,25
ATP5ME,2,14
ATP6AP1,56,144
ATP6V0C,25,97
ATP6V0D1,8,50
ATP6V1D,4,24
ATP6V1G1,11,43
ATP7A,706,1254
ATP7B,884,1887
ATRX,609,2153
ATXN7L3B,2,10
AXIN2,678,1633
AZGP1,102,289
B3GALT2,1,21
B3GNTL1,1,8
B4GALNT2,21,102
B4GALNT4,4,24
B4GALT3,9,34
B4GALT4,5,22
BAG3,333,973
BAG6,123,259
BARHL1,31,43
BASP1,112,253
BATF,137,481
BATF2,28,138
BAZ1B,59,113
BBS4,117,169
BBS5,46,84
BCAN,124,300
BCAP31,94,186
BCAR1,450,562
BCAT1,85,413
BCHE,1492,3872
BCL11A,340,932
BDH2,29,89
BEND3,73,167
BEND6,2,8
BEND7,0,6
BHLHA9,14,33
BICC1,38,138
BICRAL,0,0
BIN1,328,786
BIRC6,87,207
BLCAP,30,69
BLK,740,1707
BLM,3488,6617
BLOC1S2,19,32
BLOC1S5,4,19
BLVRA,20,86
BLVRB,16,70
BMAL2,45,77
BMI1,1622,2871
BMP1,433,758
BMP8A,27,69
BMPR2,1509,2490
BMS1,31,109
BNIP2,53,78
BNIPL,10,22
BOP1,69,151
BPIFB1,19,73
BRMS1,155,228
BRSK1,42,72
BRWD1,9,37
BSDC1,1,5
BSG,1300,2698
BTBD1,11,19
BTBD2,9,14
BTBD3,8,21
BTBD8,3,7
BTG1,164,338
BTG2,302,691
BTN2A1,23,122
BTN3A3,19,64
BZW2,5,42
C10ORF90,6,19
C11ORF65,1,6
C15ORF40,0,3
C15ORF62,0,0
C16ORF90,1,2
C17ORF75,3,8
C19ORF33,11,23
C19ORF47,0,1
C1ORF210,0,1
C1ORF87,0,1
C1ORF94,0,1
C1QBP,380,590
C1QTNF3,38,138
C1QTNF6,20,92
C1QTNF9,3,17
C1QTNF9B,15,62
C2CD2,2,11
C2CD4B,19,35
C2ORF15,0,2
C3ORF52,1,9
C3ORF62,0,10
C4B,2836,3638
C4ORF33,0,5
C5,19849,32310
C5ORF22,1,6
C6ORF120,2,16
C6ORF163,0,0
C7ORF25,0,5
C8ORF48,1,2
C9ORF72,862,3290
C9ORF85,0,1
CA12,254,456
CA2,186715,241700
CA8,122,206
CABP4,33,69
CABS1,5,28
CACNA1E,316,705
CACNA1G,305,492
CACNA1S,316,705
CACNA2D1,162,354
CACNB2,109,216
CALD1,33,173
CAMKK1,32,71
CAMSAP3,16,59
CAND2,13,51
CANT1,20,81
CAPSL,8,14
CAPZA1,32,85
CARD11,278,667
CARD8,110,299
CARD9,231,672
CARF,125,397
CASC3,38,62
CASP2,240,398
CASP4,386,832
CASR,1299,2724
CAV1,4277,7746
CBFA2T3,79,215
CBLL1,21,87
CBLN1,77,149
CBLN4,19,54
CBR1,175,389
CBR4,86,173
CBS,8391,16049
CBX1,148,253
CBX4,82,220
CBX6,17,80
CC2D2B,2,4
CCDC102A,1,7
CCDC102B,3,24
CCDC116,2,7
CCDC158,2,7
CCDC17,1,4
CCDC178,1,11
CCDC185,0,1
CCDC22,12,57
CCDC33,2,9
CCDC34,2,20
CCDC39,14,93
CCDC70,1,2
CCDC78,4,19
CCDC85A,5,18
CCDC88A,118,215
CCDC88C,10,72
CCIN,28,50
CCL13,203,433
CCL14,58,191
CCL18,425,960
CCL5,5919,9936
CCN1,595,1089
CCNA2,285,1107
CCNB1,1427,2725
CCNB3,39,168
CCNDBP1,29,44
CCNE2,142,383
CCNF,53,242
CCNG2,77,152
CCNI,58,108
CCNO,88,168
CCNT2,22,45
CCP110,39,78
CCR2,3396,6739
CCR3,1491,2067
CCT4,31,79
CCT5,42,141
CCT6A,13,93
CD160,141,404
CD164L2,1,4
CD200,561,1282
CD247,60,238
CD248,88,254
CD2AP,385,663
CD302,12,37
CD4,145661,219886
CD44,14609,25805
CDC123,38,64
CDC23,75,105
CDC42BPA,28,62
CDC42SE1,3,10
CDC42SE2,4,13
CDC6,788,1193
CDCP1,105,345
CDH7,48,72
CDHR5,13,52
CDIN1,1,12
CDK5,2180,3451
CDK5RAP1,18,36
CDK5RAP3,38,99
CDKAL1,246,421
CDKL4,1,4
CDKN2D,150,216
CDKN3,74,256
CDON,98,164
CDYL,23,101
CEACAM1,529,1006
CEBPA,976,2373
CEBPD,290,561
CEBPE,136,221
CELF2,65,198
CELSR2,82,184
CEND1,21,62
CENPA,669,1394
CENPB,342,488
CENPK,22,62
CENPN,18,89
CENPX,17,26
CEP112,0,18
CEP128,1,22
CEP135,43,92
CEP162,3,18
CEP164,33,109
CEP192,37,102
CEP250,27,69
CEP43,21,26
CEP44,0,10
CEP57L1,2,6
CEP63,22,55
CEP70,11,26
CEP76,4,13
CEP85,2,11
CERK,95,208
CERS1,70,154
CERS4,28,85
CES1,294,774
CES4A,1,5
CFAP298,1,12
CFD,3242,10452
CFHR4,29,85
CFL2,41,128
CFP,13287,18159
CHAMP1,5,43
CHCHD2,45,216
CHCHD3,24,53
CHD4,168,493
CHIA,7363,19454
CHML,40,64
CHMP1A,32,69
CHMP5,25,72
CHMP7,7,72
CHODL,12,38
CHP2,40,84
CHRM2,100,234
CHRM3,71,278
CHRNA10,55,90
CHRNA3,248,411
CHRNA4,248,363
CHRNB4,188,274
CHST13,6,28
CHST6,55,102
CHSY1,31,94
CIAPIN1,61,103
CIB1,182,348
CIBAR2,2,4
CIC,6995,26774
CIDEB,66,120
CIDEC,112,299
CILK1,23,65
CIPC,236,344
CIRSR,0,0
CITED4,17,59
CKM,384,2092
CKMT2,14,83
CLCN5,294,459
CLDN11,133,280
CLEC3B,13,116
CLIC2,30,63
CLK4,35,74
CLPTM1,21,49
CLTA,42,115
CLTC,94,262
CMA1,86,178
CMC2,103,224
CMTM8,17,37
CNDP2,27,85
CNFN,7,27
CNGA2,93,117
CNKSR2,20,66
CNPY2,10,66
CNTNAP1,112,181
COA5,1,5
COBL,63,121
COG2,49,66
COL12A1,65,286
COL13A1,31,109
COL19A1,16,41
COL1A1,2135,7542
COL1A2,960,2542
COL27A1,17,73
COL3A1,677,2325
COL7A1,419,840
COMMD2,1,12
COMTD1,2,9
COPA,1114,1843
COPE,28945,60658
COPG1,5,29
COQ2,138,260
CORO1B,8,21
COTL1,33,82
COX17,123,222
COX18,19,46
COX4I1,39,152
COX5B,80,177
COX6C,32,87
COX7C,23,96
COX8A,7,36
CPE,4926,10256
CPEB3,48,160
CPED1,4,34
CPM,5414,9108
CPNE9,0,4
CPS1,254,626
CPSF3,5,63
EMX2,249,374
ENTPD3,13,52
EPS8L3,6,18
ERP27,6,20
ESR2,611,1612
ETV7,31,83
EVPL,17,47
EXO1,576,1105
EXOSC2,4,43
FAAP20,12,26
FAM110B,4,25
FAM161B,4,7
FAM170A,1,8
FAM20B,13,44
FAM50A,6,23
FAM9C,2,4
FAR1,161,367
FASN,974,4103
FBXL20,12,31
FBXO36,0,6
FBXO9,10,39
FCGR1A,150,315
FDXR,52,189
FGF8,1520,1977
FGFR3,2064,4201
FHL1,354,619
FKBP4,208,348
FLYWCH1,1,11
FOS,28346,40390
FOXC2,392,723
FOXP3,12787,24484
FRG1,74,123
FRMD8,2,24
FSHR,1103,2430
FXN,252,660
FZD8,100,204
GABBR1,65,181
GABRG3,42,94
GADL1,15,44
GALNT1,21,53
GAS7,61,146
GATAD1,8,26
GCAT,713,1454
GDF11,-1,655
GEMIN5,38,97
GFUS,5,18
GHR,1962,3420
GJD3,18,38
GLIPR1,56,97
GLRX5,25,92
GNA11,209,697
GNAT2,88,180
GOLGA7,8,29
GPAA1,34,73
GPI,15852,23111
GPR146,9,52
GPR180,6,25
GPR3,69,133
GPR75,9,85
GRAP,201,403
GRIN2C,29,79
GRIP1,419,511
GSK3B,4130,6060
GSTO2,94,168
GSX2,30,78
GTF2IRD1,73,113
GUCY2C,66,183
GZMK,53,390
H2BC7,0,1
HADHB,55,175
HAUS7,0,10
HDAC5,536,1093
HEATR6,0,5
HERPUD1,78,182
HGH1,32,45
HIC2,11,40
HIPK3,43,227
HLADMB,50,116
HLADRA,252,588
HMGN1,346,454
HNRNPL,44,189
HOOK1,31,87
HP,53446,124606
HRH1,65,189
HSD17B6,41,94
HSPB3,37,68
HTRA2,463,718
IDI2,33,45
IFI44,83,329
IFNA10,12,20
IFNGR1,251,587
IGFBP4,1061,1378
IKBIP,0,21
IL17REL,6,23
IL2RB,222,500
IL5RA,76,200
IMMP1L,5,8
INCA1,20,29
INPP4B,129,306
INVS,717,854
IQCB1,34,80
IRF1,2104,3653
IRS2,1608,2428
ISG15,751,2573
ISYNA1,12,37
ITGA9,50,147
ITGB8,48,197
ITM2C,20,38
JADE1,30,68
JDP2,100,219
JMJD8,3,30
KAT2A,72,334
KBTBD11,1,14
KCNE1,730,1041
KCNJ9,38,60
KCTD15,63,106
KDM2B,107,360
KHDRBS3,35,82
KIF18B,9,98
KIF27,19,34
KIR2DL1,372,569
KLHDC4,1,10
KLHL2,19,32
KLHL41,18,38
KLKB1,42,151
KPNA5,10,26
KRT1,151,408
KRT4,42,112
KRT86,16,33
KRTAP121,1,1
LAGE3,3,44
LAMC3,29,78
LARGE2,16,26
LCE2C,0,4
LEF1,1212,2470
LETM2,5,14
LGALS8,109,215
LHFPL4,3,14
LIF,8476,14071
LIMS2,21,50
LLPH,1,16
LMTK2,31,69
LPAR3,55,174
LRFN4,7,27
LRR1,30,74
LRRC41,2,10
LRRC70,0,1
LSM14B,3,18
LSP1,238,376
LUZP1,6,35
LYPD5,2,7
LYST,188,377
MACROD2,46,138
MAFA,488,1016
MAGEB2,88,116
MAML2,152,542
MAOB,2519,4220
MAP3K12,17,59
MAPRE2,15,44
MARS1,15,75
MATN3,80,171
MCHR2,59,90
MCOLN2,27,57
MED1,922,1203
MEF2C,900,1908
MEOX2,105,219
METTL3,54,3614
MFSD6,2,15
MGST3,46,100
MICOS13,3,12
MIS18A,8,31
MKX,27,125
MMP13,3670,7890
MMP9,20653,40500
MOCS2,26,59
MPPE1,2,8
MRI1,44,112
MRPL16,2,10
MRPL40,9,24
MRPS11,5,22
MRPS24,2,5
MS4A12,8,25
MSRB2,86,142
MT1G,79,202
MTMR1,19,26
MUC4,740,1443
MVB12B,8,20
MX2,568,1211
MYCBPAP,7,17
MYL2,108,310
MYO3A,41,75
MYSM1,27,94
NACC1,53,133
NAT10,24,502
NCAPG2,9,56
NCSTN,51,154
NDUFA5,19,49
NDUFS3,58,174
NEBL,92,204
NEDD9,243,413
NELL1,109,363
NEU3,130,277
NFIA,166,431
NHERF2,158,193
NIPSNAP3B,1,6
NKX25,364,665
NLGN4X,70,121
NMRK1,7,29
NOD1,854,1579
NOP58,50,114
NOXRED1,0,3
NPHP1,200,359
NPR1,814,1549
NR0B1,502,699
NR4A2,771,1397
NRM,1306,3731
NT5M,5,12
NUDC,91,169
NUP133,57,112
NUP37,11,38
NXF1,201,309
OAZ3,9,24
OFD1,122,263
OLIG3,40,62
OR10Q1,0,0
OR1A2,5,12
OR1L8,0,1
OR4K2,0,2
OR52B6,0,0
OR5M9,0,1
OR6V1,0,0
OR9G4,0,0
OSBPL10,13,49
OSBPL9,4,25
OTUD3,7,69
OXGR1,17,47
P4HA2,27,156
PAFAH1B2,25,42
PALB2,396,1832
PANK4,6,27
PARD6B,23,54
PATZ1,38,161
PBRM1,155,781
PCDHAC2,2,14
PCK2,115,396
PDCD11,5,33
PDHX,86,201
PDYN,202,445
PDZD9,1,3
PELI3,14,38
PEX16,63,105
PFKL,88,256
PGBD2,0,1
PGRMC2,43,128
PHF7,11,35
PHKG2,23,70
PIGB,26,48
PIK3C2G,16,60
PIP,6279,12584
PKIB,22,43
PKP1,99,182
PLBD2,2,10
PLEKHA3,14,19
PLEKHJ1,0,2
PLN,1188,2387
PLXNA3,63,95
PMEL,760,1134
PNO1,14,61
POLA2,12,48
POLI,4343,7465
POLR3C,3,15
POLRMT,66,174
POTEE,18,60
PPDPF,3,30
PPIH,18,49
PPP1CC,55,118
PPP1R26,5,12
PPP2R5B,17,36
PRAM1,14,26
PRDM16,292,1077
PREPL,324,408
PRKACB,-1,205
PRKCQ,591,832
PROM1,2260,3056
PRPS1L1,3,5
PRR5,65,137
PRUNE2,28,66
PSMA2,18,70
PSMC5,127,179
PSMG3,1,34
PTH1R,371,744
PTPN12,123,205
PTPRN2,108,232
PYGO2,59,113
QSOX2,7,37
RAB11FIP5,21,42
RAB28,30,50
RAB3GAP2,17,47
RABGGTB,4,23
RAD51AP2,1,8
RALGAPA2,6,18
RAN,15854,36094
RAP2A,108,186
RASAL3,3,28
RASL10B,4,8
RASSF7,26,45
RBFOX2,60,211
RBM45,16,44
RBPMS,43,262
RDH8,38,85
REXO4,3,16
RFXANK,58,103
RGS14,83,169
RGS5,175,327
RHOU,100,174
RIN2,16,44
RNASE7,84,149
RNF113B,2,2
RNF217,2,22
RNF39,14,46
RNLS,22,124
ROCK2,603,1666
RPL11,397,587
RPL32,220,676
RPL3L,4,42
RPP25,18,41
RPS29,28,77
RPSA,198,400
RRP7A,1,8
RTBDN,3,17
RTRAF,14,22
RUNX1T1,324,753
S100A7,346,707
SAMD5,4,26
SASH1,47,170
SCAMP3,20,54
SCARB2,182,374
SCFD1,15,53
SCN3B,49,95
SCNN1B,182,381
SDHAF2,98,188
SEC14L2,45,85
SEC63,-1,237
SELP,428,915
SEMA5A,69,159
SERGEF,6,13
SERPINA1,448,1408
SERPINA3,110,470
SF3A2,8,29
SFTPA2,107,175
SH2D2A,70,104
SH3RF1,19,41
SHROOM3,48,134
SIN3A,358,640
SIX5,99,151
SKOR1,18,38
SLC12A4,11,26
SLC1A6,93,114
SLC25A14,49,59
SLC25A4,39,153
SLC2A3,507,918
SLC35B1,3,16
SLC35F5,3,6
SLC39A7,24,84
SLC5A6,15,68
SLC6A8,170,367
SLC9A8,36,63
SMAP1,29,49
SMARCB1,721,2039
SMIM1,12,39
SMPD4,1,41
SMYD5,5,40
SNPH,79,159
SNTA1,172,244
SNX18,14,27
SORBS1,43,121
SOX6,294,678
SP6,1200,1859
SPAG6,36,126
SPATA21,3,4
SPECC1,7,35
SPINK1,1075,1472
SPRYD3,0,5
SPSB3,1,12
SQLE,56,514
SRD5A3,32,124
SRPK2,42,108
SRSF12,1,19
ST13,96,244
ST6GALNAC1,17,61
STAT2,932,1838
STK24,63,121
STOX1,33,80
SUCO,24,53
SULT1E1,393,565
SURF6,23,41
SVIL,36,107
SYF2,13,29
SYNJ2BP,25,60
SYT8,10,23
TADA1,3,15
TAGAP,37,83
TAOK2,27,86
TAS2R3,7,28
TBC1D10C,11,35
TBC1D4,249,421
TBP,3790,5960
TCF4,1845,3373
TCHP,27,120
TEKT5,3,12
TESMIN,14,32
TFCP2,85,213
TFPI2,253,462
TGM7,2,9
THAP11,26,76
THRA,193,430
TIA1,888,1320
TIMM13,15,29
TKFC,0,25
TLL2,41,58
TM4SF18,0,8
TMED8,0,3
TMEM123,5,22
TMEM141,1,5
TMEM163,14,61
TMEM179B,0,0
TMEM198,1,3
TMEM223,0,6
TMEM40,3,17
TMEM47,8,25
TMEM87A,1,19
TMOD2,13,40
TNFAIP2,44,136
TNFSF4,354,643
TNNI2,52,130
TNXB,237,462
TOMM20L,0,2
TOX,4751,7966
TPK1,117,226
TPRN,10,29
TRAF6,1837,4582
TRIM10,12,41
TRIM37,34,184
TRIM59,16,191
TRIP10,65,86
TRMT112,3,42
TRPC3,695,1113
TSHZ3,18,56
TSSK2,18,39
TTC7B,4,24
TTLL9,6,12
TUBB4B,9,96
TXN,341,813
TXNL4B,9,19
U2AF1,201,705
UAP1L1,1,10
UBE2A,73,135
UBE2Z,9,31
UBN2,5,21
UBR3,15,33
UBXN4,6,16
UFL1,13,150
UGT1A9,543,869
UNC5C,99,189
URB1,7,30
USP13,17,191
USP25,35,172
USP45,72,148
USP7,293,1169
VAV1,795,1104
VCPIP1,11,38
VIM,2630,7810
VLDLR,456,808
VPS29,82,180
WARS2,10,67
WDR54,0,15
WDR74,4,32
WIPF1,81,132
WRAP73,6,13
WWC1,90,214
XAGE3,3,8
XPO5,112,239
XRN2,102,210
YKT6,65,156
YWHAG,30,167
ZBTB12,2,13
ZBTB44,2,10
ZCCHC24,3,11
ZDHHC4,3,22
ZFP90,11,29
ZIC2,203,391
ZNF12,6,10
ZNF146,14,27
ZNF200,4,8
ZNF232,2,6
ZNF250,3,8
ZNF3,11,32
ZNF318,0,10
ZNF382,12,33
ZNF420,8,11
ZNF444,8,15
ZNF513,3,7
ZNF541,1,8
ZNF569,2,9
ZNF592,7,14
ZNF623,0,2
ZNF670,0,1
ZNF699,3,12
ZNF75D,1,1
ZNF787,0,8
ZNHIT6,2,4
ZSCAN5A,1,3
ENDOV,72,107
EPC2,46,93
ERBB2,13286,26443
ERP29,127,195
ESRP1,73,258
EVA1B,0,8
EVX1,80,112
EXOC1,14,38
EXPH5,14,39
FABP1,565,1108
FAM111A,13,87
FAM167A,19,49
FAM171A1,0,12
FAM219B,0,0
FAM89B,24,27
FANCE,8458,14253
FARP1,17,51
FAXC,0,4
FBXO25,18,39
FBXO38,6,43
FBXW11,39,102
FCHO2,19,47
FGB,-1,853
FGF9,468,876
FGG,1295,2066
FILIP1L,38,79
FKTN,135,211
FNIP2,19,65
FOSL2,210,527
FOXF2,72,183
FOXS1,8,47
FRK,219,445
FSCB,10,15
FTH1,117,1541
FYCO1,25,128
G0S2,124,303
GABRA5,183,338
GABRR1,30,55
GAK,278,711
GALNT5,1,30
GAST,1492,2209
GATM,57,223
GCH1,307,739
GDF3,176,298
GET3,76,129
GGCT,60,155
GHRHR,265,427
GK,5336,15132
GLIS2,38,168
GML,14229,42092
GNA13,41,160
GNG3,9,36
GOLGA8N,0,2
GPBP1,5,10
GPR101,30,140
GPR149,5,19
GPR20,4,15
GPR35,88,303
GPR87,23,69
GRIA2,1351,1786
GRIN3A,51,132
GRK2,1051,1641
GSN,305,1011
GSTP1,3340,4674
GTF2A1,5,17
GTPBP3,12,49
GUCY2D,131,236
H110,86,128
H3C10,0,1
HAND1,248,373
HBB,1102,2856
HDAC7,211,503
HECTD2,10,27
HES5,416,657
HGS,1537,5465
HID1,15,37
HK1,507,1187
HLADOB,21,76
HLAF,169,333
HNMT,130,219
HNRNPUL1,15,61
HOXA6,28,63
HPCAL1,24,67
HSBP1,252,327
HSF4,119,234
HTN3,273,388
HUNK,28,55
IDO1,432,2985
IFI6,58,299
IFNA8,20,32
IFT140,28,159
IGHMBP2,103,191
IL10,51020,97703
IL1R2,226,588
IL33,1792,7190
IL6,86258,202102
IMMP2L,40,99
ING2,108,156
INPP5K,3,40
IPCEF1,9,23
IQCG,6,18
IRF8,460,1272
IRS4,114,194
ISG20L2,3,15
ITCH,21884,37887
ITGAL,60,237
ITIH2,15,80
ITSN1,71,168
JADE3,2,10
JKAMP,5,11
JPH2,32,142
KAT6A,104,379
KCNA4,136,175
KCNG3,13,19
KCNV1,13,22
KCTD6,6,13
KDM6A,193,932
KIAA1191,1,5
KIF1B,126,221
KIF3C,29,57
KIRREL2,25,46
KLHL1,29,43
KLHL24,7,72
KLK11,378,543
KMT2B,22,262
KRCC1,1,4
KRT31,7,19
KRT6B,47,124
KRTAP101,1,4
KYAT3,0,10
LAMA1,76,211
LAMTOR1,21,104
LARP7,39,130
LCE3D,11,33
LEFTY1,165,231
LFNG,206,306
LGI4,21,41
LHPP,17,124
LILRB1,252,470
LIN7B,21,26
LMAN2,21,63
LONRF1,1,8
LPCAT1,65,263
LRIF1,3,23
LRRC27,0,5
LRRC47,1,5
LRRC75A,1,28
LSM6,13,22
LSR,755,1915
LY6G5B,6,8
LYRM2,1,9
LYZ,232,1027
MAD2L2,103,214
MAGEA12,43,60
MAGEE2,1,11
MAN2A2,9,31
MAP10,8,19
MAP9,14,41
MARCHF3,0,9
MAST4,19,66
MATR3,57,198
MCM5,255,493
MDFIC,21,51
MED14,49,90
MEF2D,255,578
MESD,63,111
MFAP3,4,8
MGAT2,81,134
MIA,3269,8846
MID1,304,495
MIS18BP1,8,28
MLF2,12,35
MMP15,132,228
MMS19,35,74
MPG,14378,24703
MRFAP1L1,0,1
MRNIP,3,12
MRPL20,5,12
MRPL43,6,15
MRPS14,0,5
MRPS5,2,39
MSANTD2,0,4
MSTN,1087,2198
MT1HL1,0,1
MTMR10,5,15
MUC5B,665,1510
MVD,4809,8683
MYB,5181,11690
MYH11,502,1238
MYLK3,8,45
MYO6,87,234
MYZAP,0,24
NADSYN1,33,99
NBEAL1,3,27
NCAPH,18,107
NDC1,66,108
NDUFAF7,4,18
NDUFS4,109,351
NECAP2,4,10
NEK8,72,158
NEMP1,3,17
NEUROD1,580,1385
NFIB,206,609
NHLH2,47,72
NIT2,170,214
NKX28,12,20
NLN,4347,4749
NNMT,157,568
NOD2,2683,4289
NOS1AP,151,260
NPAS2,225,463
NPHS1,1651,3178
NPTN,42,95
NR1D2,66,216
NRBF2,14,46
NRXN1,244,595
NTN1,529,883
NUDT11,8,18
NUP188,23,56
NUP88,70,105
NXT2,5,23
OBI1,11,23
OIP5,21,368
OPN1LW,25,97
OR13A1,0,0
OR1D5,1,2
OR2A2,0,2
OR51G2,0,3
OR52N4,0,1
OR5T3,0,1
OR6Y1,0,0
ORAI3,125,294
OSBPL3,14,68
OSCAR,3182,7715
OTUD5,8,79
OXR1,94,232
P4HA3,8,77
PAGR1,7,22
PALM,13892,29428
PAOX,22,84
PARP15,9,52
PAX5,1362,2487
PCBD1,17,43
PCDHB13,0,2
PCSK7,70,109
PDCD5,149,222
PDK1,1593,3136
PDZD11,-1,15
PEAK1,36,121
PET117,3,9
PEX26,26,64
PFKP,55,368
PGGT1B,404,465
PHACTR2,10,32
PHGDH,98,658
PI16,19,1179
PIGC,37,89
PIK3C3,114,397
PITHD1,1,10
PKIG,14,19
PKP4,38,65
PLCD1,132,194
PLEKHA5,7,43
PLIN4,34,142
PLPP5,4,12
PLXNB2,33,138
PMVK,6,60
PNPO,59,171
POLD2,25,65
POLR1D,20,78
POLR3F,1,10
POM121L2,2,6
PPA1,64,126
PPDPFL,0,2
PPIL3,12,25
PPP1R13B,42,63
PPP1R3F,2,6
PPP2R5D,24,103
PRAP1,10,46
PRDM4,14,28
PRF1,347,912
PRKAR1A,491,894
PRKD2,16,64
PRPF39,2,15
PRPS2,22,68
PRRC2B,3,24
PSCA,386,704
PSMA3,36,123
PSMD13,11,34
PSTPIP1,88,205
PTH2R,45,73
PTPN7,34,61
PTPRZ1,209,360
QKI,168,503
R3HDM4,0,2
RAB12,23,83
RAB34,40,86
RAB3IL1,3,17
RACK1,658,1177
RAD51B,144,324
RALGAPB,1,17
RANBP2,297,605
RAPGEF2,46,102
RASGEF1A,10,18
RASL11B,9,24
RAVER2,6,15
RBKS,2,18
RBM4B,1,5
RBX1,376,660
RDX,1061,1753
RFFL,14,43
RGCC,55,167
RGS16,159,242
RGS9,200,253
RIBC1,2,6
RING1,193,341
RNASET2,49,158
RNF135,18,66
RNF222,0,0
RNF43,107,527
RNPC3,10,43
ROPN1B,1,7
RPL18A,6,29
RPL37A,35,63
RPLP1,22,72
RPP30,48,116
RPS4Y1,13,78
RPTOR,308,632
RSBN1,4,21
RTEL1,123,337
RUBCN,21,125
RUVBL2,141,280
SAFB,83,151
SAMD9L,16,149
SASH3,1,31
SCAND1,14,23
SCARF2,12,45
SCG5,137,181
SCN8A,318,766
SCO2,274,549
SDR42E1,0,11
SEC22A,16,23
SELENBP1,85,213
SEM1,83,135
SEMG1,29,65
SERINC2,6,41
SERPINA10,58,94
SERPINB5,567,738
SFI1,48,78
SGCD,62,146
SH2D7,0,1
SH3RF2,8,27
SIGLEC11,15,45
SIRT1,5366,19265
SKA1,45,129
SKP1,1095,1806
SLC12A9,10,28
SLC20A1,110,206
SLC25A24,16,54
SLC25A53,0,2
SLC30A4,58,72
SLC35D1,11,21
SLC36A3,3,6
SLC41A1,44,100
SLC66A1,2,10
SLC7A1,104,266
SLFN12L,2,14
SMAP2,18,36
SMCO4,0,4
SMIM15,0,3
SMTNL2,2,18
SNAI3,22,58
SNRPD1,38,73
SNTB2,8,15
SNX3,47,115
SORL1,267,577
SP100,361,562
SP8,152,308
SPARC,1857,4255
SPATA7,24,55
SPHK2,244,623
SPOCK1,62,173
SPRYD7,1,5
SPTA1,46,219
SQOR,11,89
SREBF1,1601,2914
SRRD,12,20
SSBP2,41,81
ST3GAL2,15,52
ST6GALNAC4,6,27
STAT5A,1043,1657
STK38,48,115
STPG1,0,5
SUFU,341,922
SULT4A1,33,61
SUSD6,4,14
SWAP70,78,131
SYNGAP1,92,411
SYNRG,13,30
SYVN1,139,375
TADA2B,4,13
TAL2,43,66
TAPBP,29,86
TAS2R9,6,14
TBC1D15,15,74
TBC1D9,8,24
TBX21,243,752
TCF7,199,711
TCTN1,16,43
TENT2,15,33
TEX10,8,33
TFDP1,167,255
TFRC,342,1258
TGS1,49,114
THBS2,107,531
THSD7A,34,318
TIE1,361,580
TIPARP,35,133
TKT,257,642
TLR2,-1,16410
TM7SF3,4,15
TMEM101,0,6
TMEM128,0,1
TMEM14C,6,16
TMEM164,1,18
TMEM184B,4,23
TMEM200B,0,0
TMEM240,3,26
TMEM41B,2,74
TMEM52,0,8
TMEM98,9,45
TMPRSS4,73,193
TNFRSF14,258,560
TNFSF8,136,214
TNRC6C,16,42
TOB1,144,247
TONSL,22,83
TP53BP2,153,217
TPM4,74,220
TRA2A,15,57
TRAPPC3,13,19
TRIM11,19,149
TRIM43,2,5
TRIM7,7,76
TRMO,28,44
TRMT61B,4,25
TRPS1,214,553
TSPAN3,16,42
TSTD1,2,14
TTI2,13,40
TUBB,202,477
TULP1,92,150
TXNDC5,45,152
TYK2,906,1963
U2AF1L4,10,23
UBA5,30,118
UBE2D4,6,12
UBE3A,612,1215
UBP1,69,107
UBR5,84,308
UBXN6,14,33
UFSP2,10,52
ULBP2,220,381
UNK,684,1093
URB2,4,15
USP18,160,513
USP26,33,79
USP47,14,86
UTP15,4,8
VAX1,63,112
VDAC1,508,1667
VIPR1,125,240
VOPP1,11,41
VPS33A,24,62
WBP2,30,75
WDR59,2,25
WDR88,1,3
WNT10B,370,773
WRN,1005,1537
WWOX,384,707
XK,1107,2059
XPO6,7,20
XYLT2,21,64
YLPM1,7,36
YWHAZ,301,790
ZBTB18,23,105
ZBTB46,24,108
ZDHHC14,10,38
ZDHHC5,11,111
ZFP91,13,72
ZKSCAN1,12,42
ZNF135,1,12
ZNF181,2,3
ZNF217,135,253
ZNF235,1,3
ZNF251,1,8
ZNF300,13,31
ZNF35,7,10
ZNF385B,6,17
ZNF43,5,11
ZNF45,7,13
ZNF514,0,6
ZNF555,2,6
ZNF570,1,3
ZNF597,6,17
ZNF627,7,7
ZNF672,1,2
ZNF711,10,32
ZNF763,0,1
ZNF831,0,20
ZPBP2,30,51
ZSWIM1,1,6
EML2,19,37
ENO1,432,1255
EPHB2,557,957
ERCC4,366,586
ERVFRD1,2,27
ETNK1,123,195
EVI2A,23,37
EVX2,34,48
EXOC3L2,17,28
EXTL1,18,31
FADS2,310,1030
FAM120C,3,-1
FAM167B,0,1
FAM186A,1,5
FAM220A,4,8
FAM8A1,3,9
FANCI,240,502
FARS2,13,57
FBN1,1439,3028
FBXO3,15,53
FBXO42,5,23
FCAMR,5,20
FCN1,24,115
FGF20,136,238
FGFBP3,6,14
FH,10214,23320
FJX1,18,49
FLII,239,368
FNTB,13,39
FOXA2,1001,1828
FOXJ3,14,50
FRAT1,76,102
FRMD4A,19,50
FSD1,50,84
FUNDC1,23,507
FZD1,165,315
G3BP2,30,178
GABRB1,80,160
GAD2,1288,2287
GAL3ST4,6,17
GALR1,304,428
GATA3,2838,6732
GBA2,65,166
GCN1,55,128
GDF6,91,197
GFI1,374,663
GGH,313,617
GIT2,86,142
GLE1,68,120
GLIS3,84,274
GMPR2,8,20
GNAS,954,2379
GNL3,116,182
GOLPH3L,4,20
GPBP1L1,0,3
GPR137C,0,3
GPR174,14,53
GPR21,10,23
GPR37,63,209
GPX1,1533,3540
GRID1,23,72
GRIN3B,15,46
GRM1,119,246
GSPT2,15,30
GSTT2B,6,15
GTF2E1,2,8
GUCA1C,7,10
GUF1,6,17
H18,258,586
H4C16,0,2
HAS1,466,708
HCLS1,103,179
HDAC9,216,580
HECW1,7,41
HEXIM1,164,251
HHAT,-1,103
HINFP,33,61
HK3,95,231
HLADPA1,122,424
HMG20A,24,65
HNRNPDL,2,47
HOMER3,33,90
HOXB4,354,451
HPD,1821,3570
HSBP1L1,0,2
HSPA4,83,256
HTR6,41,92
HYAL3,41,68
IFFO1,2,19
IFIT3,112,524
IFNAR2,328,641
IFT27,19,50
IGSF21,3,25
IL12B,639,1284
IL1RL1,807,1954
IL36B,14,50
IL9R,126,212
IMPA2,38,76
INHBE,23,79
INSIG2,220,338
IPO5,40,82
IQGAP1,430,816
IRF9,375,791
ISCA1,18,72
ISL2,61,84
ITGA4,94,405
ITGB1BP1,50,73
ITIH3,33,125
IVD,2006,5669
JAK2,7933,17972
JMJD1C,44,144
JPT1,11,35
KAT7,72,211
KCNA6,30,51
KCNIP3,91,142
KCTD10,16,56
KDELR1,31,52
KHDC3L,24,76
KIAA1549L,2,7
KIF20B,27,75
KIF9,11,44
KLB,196,731
KLHL10,9,31
KLHL35,4,17
KLK6,210,366
KMT2C,105,735
KREMEN1,45,130
KRT34,4,14
KRT75,15,41
KRTAP1011,0,1
L1CAM,1841,2771
LAMB1,126,299
LANCL2,29,83
LARS1,1,43
LCMT1,31,79
LEKR1,9,16
LGALS3BP,172,398
LGMN,18,164
LHX1,259,395
LIME1,6,24
LIX1,22,34
LMAN2L,8,23
LONRF3,0,3
LPL,5663,8981
LRIG1,175,379
LRRC4,31,69
LRRC52,11,28
LRRN1,33,56
LSM7,24,45
LTA,2836,5158
LYL1,97,151
LYRM4,18,45
M6PR,123,308
MADCAM1,528,768
MAGEA4,254,436
MAIP1,5,10
MAN2C1,17,25
MAP1B,607,908
MAPK11,33,145
MARCHF7,5,18
MAT2A,117,406
MBD5,57,136
MCM9,29,100
MDGA2,22,52
MED17,36,81
MEGF6,0,18
METTL25,0,3
MFGE8,361,846
MGLL,57,237
MIA2,35,58
MIF,4388,8007
MITD1,4,22
MLLT11,30,68
MMP2,17006,29337
MN1,449,958
MPL,3418,6067
MRGPRX1,21,74
MROH6,1,4
MRPL35,0,19
MRPL46,1,8
MRPS17,3,14
MRPS9,4,16
MSANTD4,0,3
MSX2,796,1022
MT1M,23,86
MTMR12,6,9
MUC6,694,1173
MVP,1837,3830
MYBBP1A,75,123
MYH2,49,253
MYO15A,71,250
MYOCD,93,242
NABP1,5,18
NAF1,60,132
NBPF3,4,11
NCF1,1416,1839
NDFIP1,55,111
NDUFB3,7,51
NDUFS7,25,80
NEDD4,947,1953
NELFB,152,270
NEO1,62,172
NEUROD4,58,96
NFKBIE,65,141
NIBAN2,5,16
NKAPD1,0,1
NLE1,22,46
NLRX1,74,245
NOC2L,7,35
NOM1,20,31
NOX5,197,409
NPAT,103,176
NPLOC4,31,80
NPY5R,41,92
NR1H2,73,165
NRCAM,244,372
NSF,6709,25095
NTPCR,1,8
NUDT19,4,18
NUP205,20,72
NUP93,39,140
OASL,89,400
OBSL1,36,92
OLFML2A,3,25
OR10A5,0,1
OR13C4,1,1
OR1J4,0,1
OR2T8,0,0
OR51M1,0,2
OR56B1,0,0
OR5W2,0,1
OR8B8,0,3
ORC4,59,106
OSBPL7,1,11
OSGIN1,17,66
OTUD6A,0,27
OXSR1,129,220
P4HTM,6,41
PAH,17751,33675
PALM2AKAP2,4,8
PAPSS1,22,53
PARP16,12,39
PAX9,480,780
PCDH15,127,292
PCDHB3,2,7
PCYOX1L,2,8
PDE3B,229,363
PDLIM7,138,199
PDZD4,3,18
PEBP1,343,577
PEX1,175,301
PFDN2,4,23
PFN1,339,644
PGLS,315,787
PHACTR4,14,33
PHKA2,48,98
PI4K2B,5,19
PIGR,430,887
PIK3CB,138,439
PKD1,1361,2631
PKN1,294,425
PLAAT1,10,27
PLCG1,150,413
PLEKHB2,6,12
PLIN5,82,311
PLPP6,0,5
PMAIP1,532,840
PNLIPRP1,4,18
POC1A,10,46
POLD3,42,120
POLR1E,9,18
POLR3G,10,48
POP1,173,294
PPAT,153,590
PPFIA2,-1,25
PPIP5K1,14,23
PPP1R17,0,18
PPP2CB,20,62
PPP2R5E,19,48
PRC1,780,1855
PRDX2,229,619
PRG4,202,560
PRKAR2A,97,152
PRKRA,118,226
PRPF4,19,42
PRR14L,1,8
PRRT2,153,510
PSD4,6,27
PSMB8,408,762
PSME4,15,57
PTDSS2,23,48
PTK6,157,299
PTPN9,34,81
PWWP2A,0,22
QPRT,37,114
RAB11B,54,148
RAB20,25,50
RAB35,89,252
RAB40A,2,6
RAD18,399,604
RAI14,15,58
RALGPS1,5,13
RANGAP1,189,268
RARRES1,55,135
RASGRF1,543,641
RASSF1,1030,1362
RBAK,11,26
RBM38,36,120
RBMS1,29,92
RCAN3,15,40
REV1,442,708
RFK,66,309
RGL4,2,11
RGS19,90,124
RHBDF1,16,51
RIC8B,25,44
RIPK4,45,136
RND1,87,132
RNF168,136,296
RNF31,60,157
RNF44,0,9
RNPEP,5,12
RPA2,205,375
RPL23A,36,69
RPL39,22,52
RPN1,95,224
RPRD1B,13,57
RPS6,468,1063
RRAD,105,179
RSBN1L,0,4
RTN3,72,179
RUFY3,12,39
RXRB,62,125
SAMD15,0,1
SAP18,46,80
SCAF1,16,46
SCAPER,9,38
SCCPDH,0,8
SCLT1,9,35
SCNM1,14,-1
SCYL1,37,79
SEC13,202,286
SEC61A1,22,85
SELENON,55,143
SEMA3E,148,333
SENP5,23,70
SERINC4,0,3
SERPINA11,3,16
SERTM1,1,6
SFR1,42,67
SGMS1,75,176
SH3D21,0,9
SHC2,29,43
SIGLEC15,13,229
SIRT4,139,485
SKAP2,35,96
SLC10A2,88,172
SLC16A3,107,285
SLC22A16,38,74
SLC25A34,3,15
SLC27A1,114,230
SLC31A1,216,530
SLC35D3,8,21
SLC38A10,2,26
SLC46A3,3,27
SLC66A2,0,0
SLC8A2,59,82
SLMAP,37,95
SMARCA1,102,159
SMG7,45,100
SMIM17,0,0
SMURF1,242,585
SNAPC5,3,8
SNRPD2,2,38
SNU13,41,64
SNX8,12,35
SOX4,364,1195
SP2,3681,6684
SPAG4,24,70
SPATA18,17,54
SPDEF,124,319
SPIB,186,369
SPR,7519,16968
SPSB1,12,42
SPTAN1,38,148
SRBD1,9,25
SRGAP1,34,73
SRRM4,12,79
SSC4D,2,12
ST3GAL3,29,87
STAMBP,44,114
STAT5B,934,1564
STK38L,48,84
STXBP3,37,54
SULF1,193,377
SUMF2,15,33
SUV39H1,361,748
SYBU,13,24
SYNGR2,6,19
SYT4,61,108
TAC3,89,187
TAF11,19,38
TAMM41,1,18
TARBP1,20,41
TASP1,6,34
TBC1D20,18,38
TBCE,60,111
TCF12,162,396
TCF7L1,395,502
TEAD3,32,100
TENT5A,9,37
TEX261,2,6
TFF2,420,609
TGM1,145,319
TH,6243600,9495796
THEM6,1,10
THTPA,2,10
TIFA,399,502
TIRAP,413,693
TLCD1,0,13
TLR5,1282,2452
TMC4,4,96
TMEM116,1,11
TMEM132D,16,42
TMEM150A,2,8
TMEM168,0,6
TMEM184C,1,2
TMEM201,0,13
TMEM245,3,12
TMEM42,0,0
TMEM63A,3,52
TMEM9B,2,13
TMX3,13,34
TNFRSF18,350,571
TNKS2,71,185
TNS3,23,88
TOLLIP,197,500
TOPORS,53,98
TP63,1482,2558
TPO,4718,8107
TRAF3IP2,147,298
TRAPPC4,9,43
TRIM24,62,270
TRIM54,11,31
TRIML1,2,7
TRMT10C,7,60
TRNP1,3,24
TSC22D1,60,98
TSPAN33,16,36
TTBK1,18,65
TTLL11,1,17
TUBB2A,25,114
TUSC3,53,133
TXNDC9,3,17
TYRP1,645,1126
UACA,29,67
UBA7,22,71
UBE2E3,18,47
UBE3D,5,20
UBQLN2,97,259
UBXN1,11,43
UCK2,28,130
UGDH,70,189
ULK1,577,3270
UQCC2,6,19
USF2,301,419
USP20,24,105
USP28,45,210
USP48,5,100
VAMP3,220,359
VCAM1,7727,12409
VEGFA,14105,27136
VIRMA,1,157
VPREB3,14,28
VPS53,33,68
WDR45,46,220
WDR70,2,19
WFDC11,1,4
WNT2,365,729
WRNIP1,27,68
WWP1,104,-1
XKR6,9,38
XPOT,33,50
YARS2,10,55
YPEL4,2,10
ZAR1L,1,8
ZBTB2,8,36
ZCCHC12,7,28
ZDHHC16,4,21
ZER1,4,21
ZFYVE21,4,24
ZMYND10,44,87
ZNF136,4,9
ZNF185,15,40
ZNF223,1,4
ZNF236,6,16
ZNF273,0,4
ZNF302,2,8
ZNF350,77,111
ZNF394,1,5
ZNF432,1,5
ZNF48,1,6
ZNF524,0,3
ZNF561,0,6
ZNF576,0,0
ZNF600,1,8
ZNF638,8,41
ZNF689,1,9
ZNF74,16,24
ZNF784,0,1
ZNF845,1,5
ZSCAN1,0,15
ZYG11A,4,21
EML4,741,1691
ENPP4,6,23
EPHX1,354,530
ERMN,25,79
ESR1,3454,9191
ETS1,1693,2657
EVL,518,1055
EXD2,5,28
EXOC8,18,34
F2RL2,7,53
FAIM,208,443
FAM133B,1,4
FAM169A,0,7
FAM193B,2,5
FAM229A,0,1
FAM90A1,1,6
FANCM,153,430
FARSB,5,40
FBXL18,8,26
FBXO30,7,23
FBXO45,20,76
FCER1A,137,258
FDPS,565,1301
FGF4,1016,1342
FGFR1,3227,6375
FHIT,1092,1356
FKBP11,15,56
FLOT2,37,117
FOCAD,5,41
FOXA3,162,291
FOXO3,1832,4514
FREM2,50,117
FRMD7,59,114
FSHB,265,564
FUT8,130,447
FZD4,226,543
GABARAPL2,111,274
GABRB3,305,502
GADD45A,708,1259
GALNS,163,334
GART,263,404
GATA5,214,337
GBP2,90,356
GCNT3,29,73
GEMIN2,152,187
GFRA1,393,601
GGPS1,26,93
GJA8,94,182
GLI4,2,11
GLRA2,66,103
GMPS,344,696
GNAT1,133,213
GNPAT,195,263
GP5,910,1406
GPC6,43,129
GPR141,3,9
GPR176,4,38
GPR22,14,26
GPR61,9,39
GRAMD4,11,24
GRIK2,93,197
GRINA,53,118
GSE1,16,67
GSTM1,3498,4502
GSX1,9,27
GTF2H3,4,12
GUCA2A,9,50
GYPC,1930,2115
H2AZ2,0,7
H4C7,0,0
HAUS4,0,7
HDAC4,723,1734
HDHD2,3,9
HEPACAM,56,106
HEYL,431,711
HHEX,354,557
HIP1,241,371
HKDC1,12,130
HLADQB1,1348,2580
HMGCR,604,2592
HNRNPH2,17,65
HOMEZ,12,20
HOXC11,46,94
HPDL,152,320
HSD17B4,144,277
HSPA8,740,1421
HTR7,49,156
IDH3G,9,27
IFI30,74,175
IFITM2,57,192
IFNG,1772,5291
IGDCC3,3,8
IGSF3,11,63
IL12RB1,241,407
IL23R,822,1481
IL36RN,81,322
ILF2,65,191
INAFM1,0,2
INO80C,8,37
INTS8,3,24
IPO9,5,31
IQSEC1,38,77
IRGQ,0,7
ISCU,317,506
ISOC1,9,26
ITGA8,35,179
ITGB7,26,119
ITK,667,1760
IVL,712,1949
JAZF1,149,329
JMJD4,3,17
KANSL2,3,15
KATNB1,13,37
KCND3,146,268
KCNJ2,324,662
KCTD13,16,47
KDM1A,508,1475
KHDRBS1,219,320
KIF16B,16,48
KIF23,80,299
KIFBP,-1,19
KLC4,3,13
KLHL18,3,13
KLHL4,4,20
KLK7,204,363
KNDC1,3,16
KRR1,17,38
KRT37,2,4
KRT79,3,18
KRTAP109,0,1
L3MBTL4,5,-1
LAMB3,164,388
LANCL3,0,5
LCE1B,1,7
LDHB,358,803
LEO1,40,95
LGALS7,105,175
LGR5,805,2579
LHX6,115,236
LIMS1,113,200
LIX1L,2,11
LMO7,36,127
LOXHD1,19,89
LRFN1,3,13
LRP1,927,2323
LRRC40,1,4
LRRC66,0,3
LRTM1,3,7
LSMEM2,0,2
LTB4R,125,222
LYN,2662,4009
LYSMD1,1,3
MACIR,5,14
MAF,3150,7308
MAGEB18,2,6
MALSU1,3,24
MANBA,38,105
MAP2K4,1535,2114
MAPK4,41,130
MARCKS,847,1148
MAT2B,26,94
MBLAC2,0,11
MCMBP,15,30
MECP2,2348,4238
MED30,10,37
MEOX1,45,139
METTL2B,1,9
MFSD14B,1,3
MGME1,11,46
MICAL3,12,33
MIOS,56,192
MITF,1891,4069
MMACHC,109,337
MMP8,1430,2818
MND1,53,176
MPP7,21,60
MRGPRX2,33,535
MRPL1,3,15
MRPL37,7,17
MRPL50,1,6
MRPS18B,2,11
MRRF,142,169
MSC,20163,51879
MT1A,191,308
MTFR2,1,35
MTSS1,118,235
MUL1,343,1147
MX1,1528,2765
MYBPC3,327,964
MYH7,652,1711
MYO18B,27,72
MYOD1,1071,1988
NABP2,46,105
NARS2,10,68
NCAPD3,9,38
NCKAP5,5,25
NDST1,93,173
NDUFB9,14,55
NEB,1366,2726
NEDD4L,443,876
NELFCD,0,17
NETO2,31,93
NEUROG1,308,435
NFU1,42,123
NINJ2,25,79
NKG7,28,162
NLGN1,48,175
NMNAT3,33,79
NOCT,42,116
NOP2,129,365
NOXO1,100,146
NPBWR2,20,37
NPNT,31,120
NQO1,2713,7163
NR3C1,573,1867
NRIP2,1,8
NSUN5,9,103
NUBPL,11,49
NUMA1,259,379
NUP214,209,381
NUP98,442,909
OAZ1,48,98
ODF2L,3,13
OLFML3,11,68
OR10G9,1,2
OR1A1,5,48
OR1L3,1,2
OR4C6,2,5
OR51T1,0,1
OR5D18,0,2
OR6B1,0,2
OR8I2,0,0
OSBP2,13,31
OSBPL8,7,30
OSM,2284,3750
OXCT1,160,306
P2RY1,512,588
PADI2,89,254
PAK3,161,264
PALS1,94,165
PAQR3,31,83
PATL1,18,39
PAXIP1,57,118
PCDHA10,1,6
PCDHGC3,10,27
PDCD10,169,375
PDF,5590,17180
PDPN,1302,2792
PDZD7,13,54
PELI2,9,30
PEX12,63,86
PFKFB1,37,63
PGAP2,23,55
PGPEP1,2,13
PHC1,71,105
PHKB,26,74
PIAS4,114,198
PIGZ,8,21
PIK3CD,233,888
PKDCC,10,43
PKNOX2,22,40
PLAG1,206,636
PLD4,11,62
PLEKHF2,6,17
PLK2,187,418
PLRG1,13,27
PMCH,63,183
PNN,831,1921
POC5,10,46
POLE2,14,79
POLR3A,35,186
POLR3K,1,24
POPDC2,16,41
PPCS,383,1894
PPIG,14,101
PPM1L,10,25
PPP1R18,5,24
PPP2R1A,79,263
PRADC1,2,6
PRDM13,13,66
PRDX3,208,455
PRICKLE2,41,97
PRKCI,45,152
PRMT1,467,1130
PRPF6,21,58
PRR3,28,45
PRSS58,0,4
PSIP1,163,309
PSMC4,34,77
PSMG2,5,18
PTGDR,49,93
PTK7,135,405
PTPRH,18,49
PXMP4,10,23
QSOX1,53,166
RAB11FIP2,37,70
RAB27A,488,1043
RAB39B,36,104
RAB4A,49,99
RAD21L1,1,9
RAI2,8,29
RAMP1,355,628
RAP1A,395,636
RASA4B,0,0
RASL10A,4,7
RASSF4,20,50
RBCK1,74,186
RBM43,2,19
RBMS3,23,112
RCOR3,4,16
REX1BD,0,3
RFX5,119,204
RGMB,50,129
RGS4,579,769
RHOT2,17,61
RIMBP3,3,8
RNASE12,0,2
RNF112,3,18
RNF181,8,21
RNF34,25,62
RNF5,31,120
ROCK1,826,2308
RPL10,114,234
RPL3,100,203
RPL39L,10,29
RPP14,145,153
RPS18,79,252
RPS6KA2,272,429
RRBP1,20,89
RSPO4,28,84
RTN4,657,837
RUNDC1,3,6
RYR1,6315,8701
SAMD4A,19,53
SAP25,4,15
SCAF4,4,31
SCARA3,25,60
SCD5,47,-1
SCN1B,207,366
SCNN1A,183,352
SDC3,117,210
SEC14L1,22,32
SEC61A2,3,12
SELENOW,45,113
SEMA3F,198,316
SEPTIN4,60,106
SERP2,24,37
SERPINA12,202,381
SETMAR,35,70
SFSWAP,10,22
SH2D1B,28,55
SH3GLB1,48,91
SHKBP1,-1,21
SIK1,101,317
SIRT6,383,1779
SKIC2,25,42
SLC10A7,-1,27
SLC17A1,63,98
SLC25A10,13,63
SLC25A39,6,52
SLC27A5,27,83
SLC35A5,1,5
SLC35E4,0,5
SLC39A1,88,138
SLC4A3,87,125
SLC6A12,42,77
SLC9A7,15,31
SMAD6,426,738
SMARCA4,817,2596
SMG8,10,26
SMIM24,0,12
SMYD3,122,348
SND1,162,399
SNRPN,1609,1922
SNX13,11,27
SOD3,570,1498
SOX5,305,658
SP5,301,476
SPAG5,52,158
SPATA20,2,23
SPDYA,40,61
SPIC,126,299
SPRTN,17,97
SPSB2,12,43
SPTBN5,4,29
SRCAP,81,231
SRP9,56,91
SRSF11,8,38
SSR1,43,90
ST3GAL6,21,79
STARD4,42,98
STEAP1,57,197
STK39,212,357
STXBP4,19,40
SULT1A1,592,839
SUMO2,466,927
SVEP1,20,126
SYDE2,3,12
SYNGR3,7,24
SYT6,18,28
TACSTD2,161,583
TAF6,129,159
TANC2,6,43
TAS2R14,15,121
TAT,15140,26301
TBC1D23,4,32
TBL1X,42,102
TCF23,4,6
TCF7L2,1261,2237
TEFM,6,46
TESC,46,91
TFAP2A,265,647
TFIP11,22,41
TGM3,95,174
THAP10,1,5
THOC1,36,67
THY1,5424,6615
TIGD5,1,9
TK2,240,382
TLK2,22,75
TM4SF1,67,194
TMCO1,25,88
TMEM120B,2,14
TMEM140,5,13
TMEM161A,2,7
TMEM174,3,8
TMEM185B,0,1
TMEM203,1,3
TMEM38B,15,55
TMEM43,37,119
TMEM64,3,19
TMOD1,118,169
TNC,2179,4114
TNFRSF25,215,349
TNNC1,52,178
TNS4,-1,107
TOM1,140,228
TOR4A,1,3
TPD52,102,227
TPPP,136,267
TRAF4,139,281
TRAPPC5,3,6
TRIM27,122,295
TRIM55,10,37
TRIOBP,35,109
TRMT11,2,13
TRO,534,933
TSHZ1,32,59
TSR1,74,125
TTC13,1,4
TTLL6,13,30
TUBB3,536,1115
TWF2,-1,28
TXNL4A,15,36
TYSND1,4,10
UAP1,12,56
UBAP2L,9,67
UBE2K,39,104
UBL3,4,36
UBR1,151,268
UBXN2B,1,14
UFC1,32,108
UGT1A3,278,449
UNC5A,45,78
UQCRFS1,22,84
USH1C,147,226
USP22,90,376
USP35,7,62
USP54,3,23
VAMP8,176,404
VCP,1327,2875
VEGFB,479,930
VKORC1,961,1537
VPS16,38,115
VWA3B,1,9
WDR5,202,608
WDR73,6,32
WHRN,53,105
WNT5B,195,374
WSB1,39,91
WWTR1,202,1133
XKRX,3,5
XPR1,79,248
YIPF4,4,14
YTHDC1,25,527
ZBTB1,9,29
ZBTB38,30,97
ZCCHC18,1,2
ZDHHC23,10,25
ZFP3,9,17
ZFYVE26,34,81
ZNF112,0,2
ZNF141,4,22
ZNF189,5,8
ZNF230,9,11
ZNF239,7,12
ZNF276,1,9
ZNF311,4,8
ZNF354C,10,28
ZNF407,10,21
ZNF439,0,6
ZNF503,11,40
ZNF527,1,2
ZNF562,0,2
ZNF589,7,16
ZNF610,2,7
ZNF649,4,11
ZNF692,2,25
ZNF746,12,54
ZNF785,0,1
ZNF91,22,40
ZSCAN21,15,20
ZZEF1,0,9
