a,b,year,n_pmids
FPR2,HTT,2003,1
HTT,MRPL11,2003,1
CPS1,HTT,2003,1
SNCA,SOD2,2003,1
PTK2,SNCA,2003,1
NIT2,SNCA,2003,1
ARL3,SNCA,2003,1
COG6,SNCA,2003,1
PEX2,SNCA,2003,1
SNCA,VPS52,2003,1
SNCA,VPS28,2003,1
KRAS,POLR3F,2009,1
KRAS,TRIM3,2009,1
KRAS,TRIM36,2009,1
KRAS,TRIM39,2009,1
KRAS,TRIM44,2009,1
KRAS,TSPAN15,2009,1
KRAS,TSSK1B,2009,1
KRAS,TTC21B,2009,1
KRAS,TUBGCP4,2009,1
KRAS,TWIST1,2009,1
KRAS,UBAC2,2009,1
KRAS,UBA1,2009,1
KRAS,UBE2D1,2009,1
KRAS,UBE2I,2009,1
KRAS,UBE2M,2009,1
KRAS,XPO1,2009,1
KRAS,SNRPN,2009,1
KRAS,SNW1,2009,2
KRAS,SPAST,2009,1
KRAS,SPTBN5,2009,1
EMID1,KRAS,2009,1
ENPP4,KRAS,2009,1
ERH,KRAS,2009,2
EXOSC10,KRAS,2009,1
EXOSC4,KRAS,2009,1
F2RL3,KRAS,2009,1
FANCA,KRAS,2009,1
FBL,KRAS,2009,1
KDM2A,KRAS,2009,1
FBXL20,KRAS,2009,1
FBXO36,KRAS,2009,1
KRAS,SNX2,2009,1
KRAS,POLA1,2009,1
KRAS,POLM,2009,1
KRAS,POLR3B,2009,1
KRAS,NADK,2009,1
KRAS,PON2,2009,1
KRAS,PPP1R8,2009,1
KRAS,PROM1,2009,1
KRAS,PSEN1,2009,1
KRAS,PSKH2,2009,1
KRAS,PSMA5,2009,1
KRAS,PSMB5,2009,1
KRAS,PSMB6,2009,2
KRAS,PSMD12,2009,1
KRAS,PTPN1,2009,1
KRAS,RCHY1,2009,1
KRAS,RELN,2009,1
KRAS,NOP10,2009,1
KRAS,NQO2,2009,1
KRAS,NR5A1,2009,1
KRAS,LRRC32,2009,1
KRAS,NUP93,2009,1
KRAS,NXF1,2009,1
KRAS,OIP5,2009,1
KRAS,OR2H2,2009,1
KRAS,OSBPL9,2009,1
KRAS,PARP12,2009,1
KRAS,PHF7,2009,1
KRAS,PIN1,2009,1
KRAS,PINK1,2009,1
KRAS,PIP4K2A,2009,1
KRAS,PLA2G2A,2009,1
KRAS,PLK1,2009,1
KRAS,MTX2,2009,1
KRAS,MVP,2009,1
KRAS,MYLIP,2009,1
IBTK,KRAS,2009,1
KRAS,NAGS,2009,1
KRAS,NAA15,2009,1
KRAS,NAV3,2009,1
KRAS,NCAPD2,2009,1
KRAS,NCL,2009,1
KRAS,NDUFA9,2009,1
KRAS,NEK1,2009,1
KRAS,NF1,2009,1
KRAS,NMNAT1,2009,1
KRAS,NOL3,2009,1
KRAS,NOP56,2009,1
KRAS,NOL8,2009,1
KLHL25,KRAS,2009,1
KPRP,KRAS,2009,1
KRAS,KRT32,2009,1
GRAP2,KRAS,2009,1
KRAS,LSM5,2009,2
KRAS,MATN2,2009,1
KRAS,MCPH1,2009,1
KRAS,METAP2,2009,1
KRAS,MID1,2009,1
KRAS,MLF2,2009,1
KMT2A,KRAS,2009,1
KRAS,MNDA,2009,1
KRAS,MOB3A,2009,1
KRAS,WDR83,2009,2
KRAS,MPDZ,2009,1
KRAS,MRPL49,2009,1
HSPD1,KRAS,2009,2
HUWE1,KRAS,2009,1
IARS2,KRAS,2009,1
FBXW7,KRAS,2009,1
IL1RAP,KRAS,2009,1
IREB2,KRAS,2009,1
ITM2A,KRAS,2009,1
JAK1,KRAS,2009,1
KDM3B,KRAS,2009,1
KCMF1,KRAS,2009,1
KCNH7,KRAS,2009,1
KCTD12,KRAS,2009,1
KRAS,RGP1,2009,1
ISY1,KRAS,2009,1
KRAS,TNRC18,2009,1
KIF2C,KRAS,2009,1
EDA2R,KRAS,2009,1
EEF1A1,KRAS,2009,1
EFNB2,KRAS,2009,1
HCAR1,KRAS,2009,1
GSPT1,KRAS,2009,2
HCK,KRAS,2009,1
HIGD2A,KRAS,2009,1
HMGN2,KRAS,2009,1
HNRNPC,KRAS,2009,1
HOXB5,KRAS,2009,1
HOXD1,KRAS,2009,1
HSD3B2,KRAS,2009,1
HSD3B7,KRAS,2009,1
HSDL2,KRAS,2009,1
HSPA14,KRAS,2009,1
HSPA9,KRAS,2009,2
GMPPB,KRAS,2009,1
GNL3L,KRAS,2009,1
GON4L,KRAS,2009,1
KRAS,TPP2,2009,1
KRAS,PNPLA4,2009,2
KRAS,RLF,2009,1
BCORL1,KRAS,2009,1
DAG1,KRAS,2009,1
DCLK2,KRAS,2009,1
DCTN4,KRAS,2009,1
DDX43,KRAS,2009,1
DHX38,KRAS,2009,1
DIDO1,KRAS,2009,1
DNM3,KRAS,2009,1
DNTTIP1,KRAS,2009,1
DYNLL2,KRAS,2009,1
COPS8,KRAS,2009,1
COX4I2,KRAS,2009,1
CREG1,KRAS,2009,1
CRNKL1,KRAS,2009,1
CRNN,KRAS,2009,1
FCGR1A,KRAS,2009,1
FEZ2,KRAS,2009,1
EBLN2,KRAS,2009,1
FLRT2,KRAS,2009,1
FOXR1,KRAS,2009,1
FRMPD1,KRAS,2009,1
GATA6,KRAS,2009,1
GATAD2A,KRAS,2009,1
GCM2,KRAS,2009,1
GDF10,KRAS,2009,1
GLI3,KRAS,2009,1
CCDC112,KRAS,2009,1
CCDC120,KRAS,2009,1
CCIN,KRAS,2009,1
CCNA2,KRAS,2009,1
CCT2,KRAS,2009,1
EIF3A,KRAS,2009,1
EIF3G,KRAS,2009,1
EIF4A3,KRAS,2009,2
CDCA8,KRAS,2009,2
CDH5,KRAS,2009,1
CDKL3,KRAS,2009,1
CHN1,KRAS,2009,1
CNOT1,KRAS,2009,1
COPS2,KRAS,2009,2
COPS4,KRAS,2009,1
COPS5,KRAS,2009,1
KRAS,RPF1,2009,1
KRAS,RGCC,2009,1
KRAS,URI1,2009,1
KRAS,SHCBP1L,2009,1
KRAS,TTPAL,2009,1
CTNNAL1,KRAS,2009,1
CTNS,KRAS,2009,1
CTTNBP2,KRAS,2009,1
C6,KRAS,2009,1
KRAS,TMEM248,2009,1
KRAS,RPP25L,2009,2
CA12,KRAS,2009,1
CACNA2D2,KRAS,2009,1
CALR,KRAS,2009,1
CARM1,KRAS,2009,1
CATSPER1,KRAS,2009,1
ALKBH3,KRAS,2009,1
ALKBH7,KRAS,2009,1
ANAPC1,KRAS,2009,1
ANAPC4,KRAS,2009,2
ANXA5,KRAS,2009,1
CDC16,KRAS,2009,1
CDC27,KRAS,2009,1
CDC73,KRAS,2009,1
ARL4A,KRAS,2009,1
ARPC2,KRAS,2009,1
ARPC3,KRAS,2009,1
ASB16,KRAS,2009,1
CSRNP1,KRAS,2009,1
BFSP1,KRAS,2009,1
KRAS,RPF2,2009,1
BRIX1,KRAS,2009,1
KRAS,USP6,2009,1
KRAS,USP9Y,2009,1
KRAS,WDR36,2009,1
KRAS,WDR37,2009,1
KRAS,WWC1,2009,1
KRAS,MIS18A,2009,1
EFCAB12,KRAS,2009,1
FNDC9,KRAS,2009,1
KRAS,ZC3H13,2009,1
KRAS,ZC3H15,2009,1
A2M,KRAS,2009,1
ABCB5,KRAS,2009,1
ACTR2,KRAS,2009,1
ACVRL1,KRAS,2009,1
ADAM22,KRAS,2009,1
ADAMTSL5,KRAS,2009,1
KRAS,ZBTB5,2009,1
KRAS,ZC3H10,2009,1
KRAS,ZC3H18,2009,1
KRAS,ZC3HAV1L,2009,1
KRAS,ZGPAT,2009,2
KRAS,ZMAT1,2009,1
KRAS,ZNF584,2009,1
KRAS,NAE1,2009,1
KRAS,NAA10,2009,1
ARID1B,KRAS,2009,1
KRAS,UBE2R2,2009,1
KRAS,UBE3B,2009,1
KRAS,UBTF,2009,1
KRAS,UQCR10,2009,1
KRAS,UHRF2,2009,1
KRAS,USP30,2009,1
KRAS,RFX4,2009,1
KRAS,RHBDL2,2009,1
KRAS,RIMS1,2009,1
KRAS,NUP205,2009,1
KRAS,RNF40,2009,2
KRAS,RPA2,2009,1
KRAS,RRP9,2009,1
KRAS,RRS1,2009,2
KRAS,RSBN1,2009,1
KRAS,RTN2,2009,1
KRAS,SAE1,2009,1
KRAS,SERPINB5,2009,1
KRAS,SH2D3A,2009,1
KRAS,SH3PXD2B,2009,1
KRAS,SLC11A2,2009,1
KRAS,SNAP23,2009,2
KRAS,TOMM20,2009,1
KRAS,VMP1,2009,1
KRAS,NDC1,2009,2
KRAS,TMEM177,2009,1
KRAS,TMED10,2009,1
KRAS,TK2,2009,1
KRAS,TIMM22,2009,1
KRAS,TGIF2,2009,1
KRAS,TEAD2,2009,1
KRAS,TBCD,2009,2
KRAS,SYTL2,2009,1
KRAS,SUV39H2,2009,1
KRAS,STT3A,2009,1
KRAS,THOC1,2009,3
PWP2,STIP1,2011,1
SNCAIP,VPS52,2011,1
RGP1,SNCAIP,2011,1
RAD51D,SFPQ,2011,1
TP53,USP1,2012,1
TP53,ZNF300,2012,2
TP53,ZNF619,2012,1
TP53,ZNF763,2012,1
MMP2,PAK4,2012,1
MYC,UBA2,2012,1
MYC,NCOR1,2012,1
MYC,UBE2O,2012,1
MYC,SAE1,2012,1
MYC,RHOBTB1,2012,1
MYC,USP33,2012,1
SEC63,TP53,2012,1
SLAMF1,TP53,2012,1
SNX12,TP53,2012,1
STAM2,TP53,2012,1
STT3B,TP53,2012,1
STXBP4,TP53,2012,1
STX2,TP53,2012,1
SUPT3H,TP53,2012,1
TBC1D24,TP53,2012,1
THAP1,TP53,2012,1
NELFCD,TP53,2012,1
TOM1L1,TP53,2012,1
TOP2A,TP53,2012,1
TP53,UBQLN2,2012,1
TP53,UMPS,2012,1
TP53,USH2A,2012,1
PDIA5,TP53,2012,1
PHYH,TP53,2012,1
PKIA,TP53,2012,1
PLAC8,TP53,2012,1
PPP1R13B,TP53,2012,1
POLD3,TP53,2012,1
POLR1D,TP53,2012,1
PRPF6,TP53,2012,1
PSD3,TP53,2012,1
PTTG1IP,TP53,2012,1
PTX3,TP53,2012,1
PURG,TP53,2012,1
RBBP5,TP53,2012,1
RECQL5,TP53,2012,1
RNASE4,TP53,2012,1
SACS,TP53,2012,1
IRX1,TP53,2012,1
JMJD8,TP53,2012,1
KLHL40,TP53,2012,1
LAPTM5,TP53,2012,1
LAP3,TP53,2012,1
LGI4,TP53,2012,1
MCM8,TP53,2012,1
MED8,TP53,2012,1
MED22,TP53,2012,1
MFSD12,TP53,2012,1
MIA2,TP53,2012,1
MORN2,TP53,2012,1
MYBPC1,TP53,2012,1
MYOT,TP53,2012,1
NT5C3A,TP53,2012,1
PACRG,TP53,2012,1
EXOSC4,TP53,2012,1
RMDN1,TP53,2012,1
FHIT,TP53,2012,1
GABRG3,TP53,2012,1
GFPT2,TP53,2012,2
GPSM3,TP53,2012,1
GRIN2B,TP53,2012,1
HAUS1,TP53,2012,1
HAUS4,TP53,2012,1
HINT3,TP53,2012,1
HOXA9,TP53,2012,1
HYAL4,TP53,2012,1
IL1A,TP53,2012,1
CXCL8,TP53,2012,1
IMP3,TP53,2012,1
INSIG1,TP53,2012,1
ACVR1C,TP53,2012,1
ARL3,TP53,2012,1
ARMCX5,TP53,2012,1
ARPP21,TP53,2012,1
ATR,TP53,2012,1
CENPA,TP53,2012,1
CYP20A1,TP53,2012,1
DCLRE1C,TP53,2012,1
DDX50,TP53,2012,1
DKK2,TP53,2012,1
DOT1L,TP53,2012,1
DZIP1,TP53,2012,1
EGFR,TP53,2012,2
ELL3,TP53,2012,1
EPG5,TP53,2012,1
ETV1,TP53,2012,1
AAGAB,TP53,2012,1
BLM,SNRNP200,2013,1
BLM,XIAP,2013,1
BLM,RPS14,2013,1
BLM,ELK4,2013,1
KRAS,MAP2K1,2013,1
KRAS,TAF1,2013,1
BLM,MMS22L,2013,1
BLM,VCP,2013,1
BLM,PSMD1,2013,1
BLM,RAMP1,2013,1
AKR1B1,BLM,2013,1
BLM,CARS2,2013,1
BLM,CSNK2B,2013,1
BLM,KLF16,2013,1
BLM,NDUFA13,2013,1
BLM,MORF4L2,2013,1
BLM,RPS19,2013,1
BLM,RPL7,2013,1
BLM,RREB1,2013,1
BLM,RPL14,2013,1
BLM,TREX2,2013,1
BLM,RAD51,2013,1
BLM,TRIM8,2013,1
BLM,TRIM15,2013,1
CDC37L1,PTTG1,2013,1
LUC7L3,PTTG1,2013,1
CREBBP,PTTG1,2013,1
EZR,PTTG1,2013,1
PTTG1,ZBTB48,2013,1
CEP85,PTTG1,2013,1
PSMA3,PTTG1,2013,1
NT5M,PTTG1,2013,1
PTTG1,ZNF142,2013,1
DCAF17,PTTG1,2013,1
PTTG1,ZNF358,2013,1
POLM,PTTG1,2013,1
KISS1R,PTTG1,2013,1
FXYD1,PTTG1,2013,1
PTTG1,WRN,2013,1
B2M,PTTG1,2013,1
PTTG1,TRIM15,2013,1
CASP3,PTTG1,2013,1
GPER1,PTTG1,2013,1
NUMA1,PTTG1,2013,1
KPNA6,PTTG1,2013,1
PTTG1,XIAP,2013,1
CSNK2B,PTTG1,2013,1
CDK5RAP2,PTTG1,2013,1
POLR3K,PTTG1,2013,1
PTTG1,SLC36A1,2013,1
PTEN,TRIM24,2013,1
PTEN,SOCS1,2013,1
PTEN,RASSF2,2013,1
HAGHL,PTEN,2013,1
PKMYT1,PTEN,2013,1
LLGL2,PTEN,2013,1
HEATR6,PTEN,2013,1
PTEN,UBE2D1,2013,1
NOTCH1,PTEN,2013,1
CARS2,PTEN,2013,1
PTEN,THBD,2013,1
PTEN,SLC36A1,2013,1
PSMB2,PTEN,2013,1
CYB5R3,PTEN,2013,1
IFIH1,PTEN,2013,1
HES6,PTEN,2013,1
BLOC1S1,PTEN,2013,1
ENO2,PTEN,2013,1
CDC42EP5,PTEN,2013,1
PTEN,TRIM8,2013,1
PTEN,UBAP2L,2013,1
PTEN,TUBA1A,2013,1
POLM,PTEN,2013,1
PIGN,PTEN,2013,1
FBXL6,PTEN,2013,1
PBX3,PTEN,2013,1
PTEN,RFTN1,2013,1
OSBP2,PTEN,2013,1
EME2,PTEN,2013,1
PTEN,TTC31,2013,1
MXD1,PTEN,2013,1
GPER1,PTEN,2013,1
HES5,PTEN,2013,1
PTEN,SUV39H1,2013,1
PTEN,YME1L1,2013,1
CFB,PTEN,2013,1
PTEN,TXNDC11,2013,1
MUS81,SF3A2,2013,1
MBP,MUS81,2013,1
MUS81,SFPQ,2013,1
BLOC1S1,MUS81,2013,1
MUS81,RFTN1,2013,1
ELK4,MUS81,2013,1
MUS81,XIAP,2013,1
MUS81,POLR3K,2013,1
MUS81,VCP,2013,1
MUS81,PIGB,2013,1
MUS81,SNW1,2013,1
ALMS1,MUS81,2013,1
INO80,MUS81,2013,1
DUS3L,MUS81,2013,1
MUS81,SAMD4B,2013,1
MUS81,WRN,2013,1
MDFI,MUS81,2013,1
GTPBP8,MUS81,2013,1
DDX23,MUS81,2013,1
IDH2,MUS81,2013,1
MUS81,RFC1,2013,1
MUS81,ZNF142,2013,1
MUS81,STIL,2013,1
BRAF,MUS81,2013,1
MUS81,RAMP1,2013,1
MUS81,TRIM24,2013,1
MUS81,TFB1M,2013,1
KPNA6,MUS81,2013,1
MUS81,RPS3,2013,1
DNAJB9,MUS81,2013,1
MUS81,POLR2L,2013,1
MUS81,TIMELESS,2013,1
MUS81,SREK1,2013,1
MUS81,POLD2,2013,1
CDK5RAP2,MUS81,2013,1
MUS81,TRAF6,2013,1
MUS81,PLEK2,2013,1
CCT7,MUS81,2013,1
FANCD2,MUS81,2013,1
MUS81,ZNF358,2013,1
LTK,MUS81,2013,1
BRD9,MUS81,2013,1
MUS81,ZNF181,2013,1
ATXN7L1,MUS81,2013,1
MUS81,ZNF496,2013,1
CREBBP,MUS81,2013,1
KRAS,NHEJ1,2013,1
BCAS2,KRAS,2013,2
KRAS,STK32A,2013,1
KRAS,LTA4H,2013,2
KRAS,NAPA,2013,1
KRAS,NAB1,2013,1
KRAS,SNRPD2,2013,2
COCH,KRAS,2013,1
KRAS,PRPF3,2013,1
KRAS,RPL18A,2013,1
KRAS,RILPL2,2013,1
ADAM10,KRAS,2013,1
KRAS,SLC9A8,2013,1
KRAS,NONO,2013,1
HKDC1,KRAS,2013,1
ANAPC10,KRAS,2013,2
KRAS,TBC1D8,2013,1
KRAS,NUP98,2013,1
KRAS,SNRPF,2013,2
KRAS,SFPQ,2013,1
KRAS,NXT2,2013,1
KRAS,TTC27,2013,1
DHFR,PTTG1,2013,1
AQR,BLM,2013,1
KRAS,MFHAS1,2013,1
CWC22,KRAS,2013,1
CD83,KRAS,2013,1
KDM5B,KRAS,2013,1
KRAS,RNFT1,2013,1
KRAS,SVIL,2013,1
KRAS,ZNF764,2013,1
KRAS,RPS19,2013,1
KRAS,MTNR1A,2013,1
KMT2E,KRAS,2013,1
JMJD4,KRAS,2013,1
KRAS,PRPF31,2013,2
BLM,CEBPD,2013,1
BLM,URI1,2013,1
BLM,RPL23A,2013,1
BLM,HES5,2013,1
BLM,RAD23B,2013,1
BLM,RPL37,2013,1
ACTR5,BLM,2013,1
BLM,RPS27A,2013,1
BLM,SUPT5H,2013,1
DNAJC7,TP53,2013,1
BLM,POU3F3,2013,1
NMNAT1,TP53,2014,1
BRCA1,SETX,2014,1
BRCA1,SUPT16H,2014,1
BRCA1,SSRP1,2014,1
BRCA1,TONSL,2014,1
BRCA1,TCEA2,2014,1
KLHL10,TP53,2014,1
MYC,PSKH2,2014,1
MYC,PRKCD,2014,1
MYC,PHKG2,2014,1
GYPC,TP53,2014,1
CD69,TP53,2014,1
RTN4IP1,TP53,2014,1
NUP98,TP53,2014,1
PWWP2A,TP53,2014,1
CFLAR,REV3L,2014,1
COPZ1,REV3L,2014,1
CACNA1A,REV3L,2014,1
CCR6,REV3L,2014,1
LMTK3,REV3L,2014,1
BCL2L14,TP53,2014,1
REV3L,RFXAP,2014,1
ATAD1,REV3L,2014,1
REV3L,SLC16A10,2014,1
GSK3B,MYC,2014,1
ERN1,MYC,2014,1
CDK2,MYC,2014,1
CDK16,MYC,2014,1
ANXA11,TP53,2014,1
ATM,ATR,2014,1
FANCD2,RBBP8,2014,1
FAM107A,REV3L,2014,1
BRCA1,TCEANC,2014,1
COLQ,TP53,2014,1
CPN1,TP53,2014,1
ITGB7,TP53,2014,1
AP3B2,TP53,2014,1
REV3L,RRM1,2014,1
THADA,TP53,2014,1
PDXP,TP53,2014,1
TP53,UROS,2014,1
GJA5,TP53,2014,1
TP53,TPCN2,2014,1
TP53,UFM1,2014,1
FANCC,RECQL5,2014,1
BRCA2,RECQL5,2014,1
KCNJ10,TP53,2014,1
CCT6B,TP53,2014,1
REV3L,TXN,2014,1
A1BG,REV3L,2014,1
CSAD,REV3L,2014,1
LMTK3,MYC,2014,1
EIF2B3,TP53,2014,1
CTBS,TP53,2014,1
ID1,TP53,2014,1
CDC7,TP53,2014,1
NIM1K,TP53,2014,1
NEURL1,TP53,2014,1
TP53,UBA6,2014,1
EPOR,FBXW7,2015,1
CMIP,FBXW7,2015,1
FBXW7,PUF60,2015,1
CYLD,FBXW7,2015,1
FBXW7,RSBN1L,2015,1
DNAJC21,FBXW7,2015,1
EFHC1,FBXW7,2015,1
FBXW7,ZCCHC3,2015,1
FBXW7,TUBA1B,2015,1
EIF4A3,FBXW7,2015,1
FBXW7,SENP7,2015,1
FBXW7,SPDL1,2015,1
FBXW7,LPA,2015,1
CDR2,FBXW7,2015,1
FBXW7,RBMX,2015,1
DLC1,FBXW7,2015,1
FBXW7,GRIK3,2015,1
FBXW7,RALYL,2015,1
FBXW7,SRBD1,2015,1
FBXW7,ZFR,2015,1
CYBB,FBXW7,2015,1
FBXW7,SSH2,2015,1
FBXW7,SSBP1,2015,1
FBXW7,MPPED1,2015,1
FBXW7,SUPT6H,2015,1
CDH19,FBXW7,2015,1
FBXW7,VPS16,2015,1
FBXW7,RNPC3,2015,1
FBXW7,UBAC1,2015,1
CTDP1,FBXW7,2015,1
FBXW7,PTPRN2,2015,1
FBXW7,GMDS,2015,1
FBXW7,SOX7,2015,1
ACTR5,FBXW7,2015,1
FBXW7,TMEM126B,2015,1
EXOSC4,FBXW7,2015,1
FBXW7,TRAT1,2015,1
FBXW7,NCOR1,2015,1
FBXW7,NELFE,2015,1
FBXW7,NDUFB9,2015,1
FBXW7,MOCS1,2015,1
FBXW7,RSPRY1,2015,1
FBXW7,MED22,2015,1
AP2A1,FBXW7,2015,1
FBXW7,TNFRSF19,2015,1
DIDO1,FBXW7,2015,1
FBXW7,SLC35A1,2015,1
COL1A2,FBXW7,2015,1
EIF4E3,FBXW7,2015,1
CINP,FBXW7,2015,1
FBXW7,PHF20L1,2015,1
FBXW7,SPTBN1,2015,1
EBF3,FBXW7,2015,1
FBXW7,LETM2,2015,1
FBXW7,SNRNP70,2015,1
FBXW7,SPRED1,2015,1
FBXW7,ZC3H18,2015,1
FBXW7,MTFMT,2015,1
DUSP16,FBXW7,2015,1
CTIF,FBXW7,2015,1
BARX2,FBXW7,2015,1
FBXW7,SNRPB2,2015,1
FBXW7,POLR2K,2015,1
FBXW7,ITGAV,2015,1
FBXW7,TBCB,2015,1
FAM32A,FBXW7,2015,1
COPS6,FBXW7,2015,1
FBXW7,LCE1B,2015,1
FBXW7,LRRTM1,2015,1
CMTR2,PTAR1,2015,1
GTF2I,PTAR1,2015,1
PTAR1,RABL3,2015,1
PTAR1,RNF145,2015,1
PTAR1,TMEM131,2015,1
PTAR1,UBE2D3,2015,1
PTAR1,ZFAT,2015,1
RAB1A,TRAPPC2L,2015,1
RAB1A,VPS51,2015,1
RAB1A,RAB1B,2015,1
ARPC2,TMEM165,2015,1
PTAR1,SEC24A,2015,1
PTAR1,SGMS1,2015,1
PTAR1,SGMS2,2015,1
PTAR1,SLC35A2,2015,1
PTAR1,SLMAP,2015,1
PTAR1,SNAP23,2015,1
PTAR1,SPTLC1,2015,1
PTAR1,SPTLC2,2015,1
PTAR1,SPTSSA,2015,1
PTAR1,SYPL1,2015,1
PTAR1,TM9SF2,2015,1
PTAR1,TRAPPC11,2015,1
PTAR1,TXNDC15,2015,1
PTAR1,UNC50,2015,1
PTAR1,VAMP3,2015,1
PTAR1,VPS41,2015,1
ALKBH8,FBXW7,2015,1
FBXW7,ZNF563,2015,1
FBXW7,PRPSAP1,2015,1
FBXW7,SNRPF,2015,1
FBXW7,TJP2,2015,1
FBXW7,RERG,2015,1
B3GALNT2,FBXW7,2015,1
GOSR1,RHOA,2015,1
CNIH1,PTAR1,2015,1
EXOC2,PTAR1,2015,1
EXOC4,PTAR1,2015,1
FBXO8,PTAR1,2015,1
IST1,PTAR1,2015,1
PI4KB,PTAR1,2015,1
PIKFYVE,PTAR1,2015,1
PPP2R2A,PTAR1,2015,1
COL12A1,FBXW7,2015,1
CDK18,FBXW7,2015,1
FBXW7,PTGDS,2015,1
FBXW7,SLC17A1,2015,1
COPS3,FBXW7,2015,1
FBXW7,TRIM58,2015,1
TMEM165,VPS35,2015,1
PPME1,TMEM165,2015,1
TMEM165,WDR62,2015,1
GOSR1,PTAR1,2015,1
RAB18,RAB1B,2015,1
RAB18,RAB1A,2015,1
PTAR1,RAB18,2015,1
COG5,RAB1A,2015,1
COG5,PTAR1,2015,1
RAB1A,SEC23IP,2015,1
TMEM165,UBE4B,2015,1
CTDSPL2,PTAR1,2015,1
BRD4,PTAR1,2015,1
ANKRD11,PTAR1,2015,1
PTAR1,TMEM165,2015,1
RAB1A,VPS53,2015,1
PTAR1,SECISBP2L,2015,1
PTAR1,USP8,2015,1
COG6,PTAR1,2015,1
PTAR1,VPS52,2015,1
GRB2,KRAS,2015,2
KRAS,SOS1,2015,1
KRAS,SHC1,2015,1
EGFR,KRAS,2015,1
BRAF,MAPK1,2015,1
KRAS,MAPK1,2015,1
KRAS,RAF1,2015,2
KRAS,PIK3CA,2015,1
RAB1B,VPS54,2015,1
RAB1A,VPS54,2015,1
PTAR1,VPS54,2015,1
RAB1A,VPS52,2015,1
RAB1B,VPS52,2015,1
PTAR1,TRAPPC12,2015,1
RAB1A,TRAPPC12,2015,1
ATP2C1,TMEM165,2015,1
PTAR1,VPS53,2015,1
COG7,RAB1B,2015,1
COG7,RAB1A,2015,1
COG7,PTAR1,2015,1
COG3,RAB1B,2015,1
COG3,RAB1A,2015,1
COG3,PTAR1,2015,1
COG8,RAB1A,2015,1
JTB,RAB1A,2015,1
JTB,PTAR1,2015,1
RAB1B,TRAPPC12,2015,1
RAB1A,TMED10,2015,1
RAB1A,TMED2,2015,1
PTAR1,TMED2,2015,1
PTAR1,RAB1A,2015,1
PTAR1,SEC23IP,2015,1
FBXW7,RFWD3,2015,1
FBXW7,RAB4B,2015,1
FANCD2,FBXW7,2015,1
FBXW7,RAG1,2015,1
FBXW7,MASTL,2015,1
CPSF1,FBXW7,2015,1
FBXW7,MS4A1,2015,1
FBXW7,RERE,2015,1
FBXW7,FGA,2015,1
FBXW7,KATNAL1,2015,1
FBXW7,GAK,2015,1
BUB1B,FBXW7,2015,1
BRAF,MAP2K1,2015,1
RNGTT,TSC2,2015,1
CCNT1,TSC2,2015,1
FBXW7,NAPG,2015,1
FBXW7,GRM3,2015,1
FBXW7,GGCT,2015,1
CHEK2,TUBA1A,2016,1
MTOR,WEE1,2016,1
BRD4,KDM4C,2016,1
BRD4,KDM6B,2016,1
ADA,BLM,2016,1
CHEK1,TOP1,2016,1
BRCA2,TOP1,2016,1
TOP1,WEE1,2016,1
PALB2,TOP1,2016,1
RAD17,TOP1,2016,1
CHEK1,RFC1,2016,1
CHEK1,RAD17,2016,1
CHEK1,FZR1,2016,1
ATAD5,CHEK1,2016,1
CHEK1,LLGL1,2016,1
CDC14A,CHEK1,2016,1
CHEK1,RPS10,2016,1
CHEK1,WRN,2016,1
ATR,CHEK1,2016,1
CHEK1,DAAM1,2016,1
BRCA2,TOP2A,2016,1
TOP2A,WEE1,2016,1
PALB2,TOP2A,2016,1
RAD17,TOP2A,2016,1
LLGL1,TOP2A,2016,1
MSH2,TOP2A,2016,1
ALDH2,ARID1A,2016,1
ALDH2,XRCC3,2016,1
ALDH2,ATAD5,2016,1
ALDH2,APC,2016,1
ALDH2,PHB2,2016,1
ALDH2,RAD23B,2016,1
CHEK1,MTOR,2016,1
MTOR,YWHAZ,2016,1
ADA,WEE1,2016,1
ADA,CHEK1,2016,1
PALB2,TOP3A,2016,1
RAD17,TOP3A,2016,1
LLGL1,TOP3A,2016,1
MSH2,TOP3A,2016,1
NF1,TOP3A,2016,1
RPS11,TOP3A,2016,1
LLGL1,TOP1,2016,1
MSH2,TOP1,2016,1
NF1,TOP1,2016,1
RPS11,TOP1,2016,1
CDC73,TOP1,2016,1
CDC6,TOP1,2016,1
MAP3K4,TOP1,2016,1
TOP1,TTN,2016,1
FH,TOP1,2016,1
CHEK1,TOP2A,2016,1
RB1,WEE1,2016,1
ING4,WEE1,2016,1
FZR1,WEE1,2016,1
WEE1,WRN,2016,1
BLM,WEE1,2016,1
ATAD5,WEE1,2016,1
NF1,TOP2A,2016,1
RPS11,TOP2A,2016,1
CDC73,TOP2A,2016,1
CDC6,TOP2A,2016,1
MAP3K4,TOP2A,2016,1
TOP2A,TTN,2016,1
FH,TOP2A,2016,1
CHEK1,TOP3A,2016,1
BRCA2,TOP3A,2016,1
TOP3A,WEE1,2016,1
CHEK1,USP11,2016,1
CHEK1,IMPDH1,2016,1
IMPDH1,WEE1,2016,1
IMPDH1,RPS11,2016,1
CDC73,IMPDH1,2016,1
IMPDH1,SH3GL1,2016,1
CDC73,TOP3A,2016,1
CDC6,TOP3A,2016,1
MAP3K4,TOP3A,2016,1
TOP3A,TTN,2016,1
FH,TOP3A,2016,1
CDC73,DHFR,2016,1
CHEK1,DHFR,2016,1
DHFR,WEE1,2016,1
CDC73,WEE1,2016,1
TTN,WEE1,2016,1
BRD4,CDC7,2016,1
CDC7,RPS11,2016,1
CDC7,ING5,2016,1
BRD4,CDK9,2016,1
CDK9,RPS11,2016,1
CDK9,ING5,2016,1
BRD4,WEE1,2016,1
FH,WEE1,2016,1
CDKN1B,WEE1,2016,1
WEE1,XRCC3,2016,1
CDK12,WEE1,2016,1
CDC6,WEE1,2016,1
CHEK1,SMARCC1,2016,1
CHEK1,TUSC3,2016,1
CHEK1,TCEA1,2016,1
CHEK1,FHIT,2016,1
ATAD5,FNTA,2016,1
BLM,FNTA,2016,1
FNTA,MTOR,2016,1
FNTA,RPS19,2016,1
TUBA1A,TUSC3,2016,1
CDC73,TUBA1A,2016,1
BRCA2,PARP1,2016,2
BRCA1,PARP1,2016,1
MAP2K1,TUSC3,2016,1
MAP2K1,MTOR,2016,1
MAP2K1,TTN,2016,1
FH,MAP2K1,2016,1
ING5,MAP2K1,2016,1
BLM,MAP2K1,2016,1
ATAD5,MAP2K1,2016,1
MAP2K1,STK11,2016,1
TUBA1A,WEE1,2016,1
RPL11,TUBA1A,2016,1
TTN,TUBA1A,2016,1
PHB2,TUBA1A,2016,1
CDC14A,TUBA1A,2016,1
MTOR,TUBA1A,2016,1
FH,MAPK1,2016,1
MAPK1,TTN,2016,1
MAPK1,MTOR,2016,1
MAPK1,RPS11,2016,1
RABGGTB,XRCC3,2016,1
ATAD5,RABGGTB,2016,1
BLM,RABGGTB,2016,1
MTOR,RABGGTB,2016,1
RABGGTB,RPS19,2016,1
FNTA,XRCC3,2016,1
CHEK1,TTN,2016,1
BRD4,CHEK1,2016,1
APC,CSNK2A1,2016,1
ATAD5,CSNK2A1,2016,1
CSNK2A1,STK11,2016,1
ALDH2,RPL11,2016,1
CHEK2,RFC1,2016,1
CHEK2,RAD17,2016,1
CHEK2,FZR1,2016,1
ATAD5,CHEK2,2016,1
CHEK2,LLGL1,2016,1
CDC14A,CHEK2,2016,1
CHEK2,RPS10,2016,1
CHEK2,WRN,2016,1
ATR,CHEK2,2016,1
CHEK2,DAAM1,2016,1
ATAD5,TUBA1A,2016,1
CHEK1,TUBA1A,2016,1
LLGL1,TUBA1A,2016,1
ING4,TUBA1A,2016,1
ING5,TUBA1A,2016,1
TUBA1A,WRN,2016,1
BLM,TUBA1A,2016,1
TUBA1A,XRCC3,2016,1
RB1,TUBA1A,2016,1
TUBA1A,YWHAZ,2016,1
CHEK2,TTN,2016,1
BRD4,CHEK2,2016,1
CHEK1,WEE1,2016,1
CDC6,CHEK1,2016,1
CDC73,CHEK1,2016,1
BLM,CHEK1,2016,1
HSP90AA1,RB1,2016,1
FZR1,HSP90AA1,2016,1
HSP90AA1,MCL1,2016,1
CDKN1B,HSP90AA1,2016,1
BRD4,PHF2,2016,1
ATR,HSP90AA1,2016,1
CHEK2,WEE1,2016,1
CHEK1,CHEK2,2016,1
CDC6,CHEK2,2016,1
CDC73,CHEK2,2016,1
BLM,CHEK2,2016,1
MTOR,TP53,2016,1
KDR,TP53,2016,1
ATM,PRKCA,2016,1
HSP90AA1,LLGL1,2016,1
NRAS,PREX1,2017,1
GOLGA7,NRAS,2017,1
ATM,FEN1,2017,1
FEN1,UBE2N,2017,1
FEN1,HLTF,2017,1
FEN1,PARP1,2017,1
FANCD2,PARP1,2017,1
BRCA2,PARP2,2017,1
FANCD2,PARP2,2017,1
FEN1,PARP2,2017,1
FANCA,HSP90AB1,2017,1
KRAS,SMC3,2017,1
DHX9,KRAS,2017,1
GMPS,KRAS,2017,1
KRAS,POLE2,2017,1
FBXO5,KRAS,2017,1
DENR,KRAS,2017,1
ANKRD11,KRAS,2017,1
KRAS,LDB1,2017,1
CWF19L1,KRAS,2017,1
KRAS,RPL22L1,2017,1
KRAS,POLR1A,2017,1
KRAS,PPP2CA,2017,1
CENPK,KRAS,2017,1
BCLAF1,KRAS,2017,1
KRAS,PNN,2017,1
KRAS,TANGO6,2017,1
KRAS,PREX1,2017,1
KRAS,SHOC2,2017,1
KRAS,USP39,2017,1
ICMT,KRAS,2017,1
NRAS,SHOC2,2017,1
KRAS,TRAPPC2L,2017,1
KRAS,NUBP2,2017,1
KRAS,RDH8,2017,1
CCT8,KRAS,2017,1
KRAS,TRIM25,2017,1
EIF1AD,KRAS,2017,1
KRAS,RBFOX1,2017,1
KRAS,VWF,2017,1
KRAS,RPTOR,2017,1
KRAS,XPOT,2017,1
KRAS,NEDD1,2017,1
KRAS,RBM39,2017,1
KRAS,ZNHIT6,2017,1
EIF2S2,KRAS,2017,1
KRAS,PTMA,2017,1
CEP55,KRAS,2017,1
KRAS,SAP18,2017,1
KRAS,RPL24,2017,1
KRAS,TRMT61B,2017,1
ENY2,KRAS,2017,1
GPI,KRAS,2017,1
KRAS,YTHDC1,2017,1
HTRA3,KRAS,2017,1
KRAS,NAT1,2017,1
HGF,KRAS,2017,1
KRAS,RPS6KA5,2017,1
AP2M1,KRAS,2017,1
ISCA2,KRAS,2017,1
KRAS,PITPNM3,2017,1
KRAS,ST13,2017,1
BMS1,KRAS,2017,1
KRAS,UQCR11,2017,1
BARD1,KRAS,2017,1
CHCHD3,KRAS,2017,1
CHAF1B,KRAS,2017,1
KRAS,MFN1,2017,1
KRAS,POLR2H,2017,1
KRAS,TIMM13,2017,1
ATP6V0D1,KRAS,2017,1
KRAS,ORC2,2017,1
HINFP,KRAS,2017,1
KRAS,URB2,2017,1
KRAS,RBBP6,2017,1
FMR1,KRAS,2017,1
KRAS,SDAD1,2017,1
CCT5,KRAS,2017,1
KRAS,PSMD11,2017,1
ATP6V1G1,KRAS,2017,1
BCS1L,KRAS,2017,1
IMP4,KRAS,2017,1
DNLZ,KRAS,2017,1
KRAS,UQCRC2,2017,1
CSE1L,KRAS,2017,1
EIF6,KRAS,2017,1
KRAS,NDUFS1,2017,1
KRAS,SUPT16H,2017,1
KRAS,TBL1XR1,2017,1
GTF3A,KRAS,2017,1
DDX1,KRAS,2017,1
KRAS,WDR25,2017,1
KRAS,UTP6,2017,1
KRAS,MAGEB1,2017,1
KRAS,ZCCHC14,2017,1
ETF1,KRAS,2017,1
AP4S1,KRAS,2017,1
KRAS,PSMB3,2017,1
ADAR,KRAS,2017,1
KRAS,NOP16,2017,1
CRLS1,KRAS,2017,1
KRAS,RPS6,2017,1
INO80E,KRAS,2017,1
KRAS,RFC5,2017,1
GABPA,KRAS,2017,1
KRAS,RPAP1,2017,1
BRF2,KRAS,2017,1
KRAS,NOC2L,2017,1
GLE1,KRAS,2017,1
BCL2L1,KRAS,2017,1
KRAS,SURF6,2017,1
KRAS,TUBGCP3,2017,1
CFDP1,KRAS,2017,1
KRAS,SRP9,2017,1
KRAS,UBE2H,2017,1
KRAS,NHP2,2017,1
KRAS,PAPPA2,2017,1
EZR,KRAS,2017,1
KRAS,WDR47,2017,1
DDX51,KRAS,2017,1
KRAS,MTOR,2017,1
KRAS,POLE,2017,1
CCT7,KRAS,2017,1
KRAS,PHLDB2,2017,1
KRAS,POLR3A,2017,1
AHCTF1,KRAS,2017,1
CFL1,KRAS,2017,1
KRAS,TAS2R5,2017,1
AFTPH,KRAS,2017,1
DNAJC17,KRAS,2017,1
KRAS,PRPF4,2017,1
IMP3,KRAS,2017,1
GGA3,KRAS,2017,1
KRAS,RBBP5,2017,1
KRAS,SSBP1,2017,1
FKBPL,KRAS,2017,1
KRAS,PLP2,2017,1
ANAPC11,KRAS,2017,1
KLF16,KRAS,2017,1
KRAS,RPS13,2017,1
KRAS,TKT,2017,1
KDM8,KRAS,2017,1
CFAP20,KRAS,2017,1
DCTN2,KRAS,2017,1
KRAS,SEMA3C,2017,1
KRAS,PFDN5,2017,1
KRAS,WDR62,2017,1
ATP6V0D2,KRAS,2017,1
KRAS,LIN7C,2017,1
DLG2,KRAS,2017,1
KRAS,VASH1,2017,1
ATP6V1D,KRAS,2017,1
KRAS,TUFT1,2017,1
KRAS,RPS2,2017,1
KRAS,PHAX,2017,1
KRAS,MVD,2017,1
KRAS,NOL4,2017,1
KRAS,PKLR,2017,1
KRAS,RPS18,2017,1
KRAS,MTX1,2017,1
KRAS,WDR13,2017,1
KRAS,TCEA1,2017,1
COX6B1,KRAS,2017,1
KRAS,PHF3,2017,1
KRAS,MEMO1,2017,1
GTPBP4,KRAS,2017,1
KRAS,VPS26A,2017,1
EIF5B,KRAS,2017,1
KRAS,NUDT9,2017,1
CTCF,KRAS,2017,1
ACADSB,KRAS,2017,1
CYCS,KRAS,2017,1
KIF4A,KRAS,2017,1
KRAS,NUP37,2017,1
ABHD5,KRAS,2017,1
KRAS,MRPL37,2017,1
KRAS,RPL32,2017,1
KRAS,SYVN1,2017,1
KRAS,NOP2,2017,1
KRAS,TMED2,2017,1
KRAS,POLR2C,2017,1
CLNS1A,KRAS,2017,1
INTS3,KRAS,2017,1
CDIPT,KRAS,2017,1
CYC1,KRAS,2017,1
KRAS,ZBTB12,2017,1
KRAS,PELI3,2017,1
KANSL2,KRAS,2017,1
KRAS,MRPS11,2017,1
DDX27,KRAS,2017,1
KRAS,TPT1,2017,1
KRAS,NFYB,2017,1
KIN,KRAS,2017,1
DYNLRB1,KRAS,2017,1
KRAS,PMVK,2017,1
CDC23,KRAS,2017,1
KRAS,SCFD1,2017,1
BUB3,KRAS,2017,1
KRAS,ZNF85,2017,1
KRAS,VGF,2017,1
COX6C,KRAS,2017,1
KRAS,TFRC,2017,1
KRAS,RPS3,2017,1
DPAGT1,KRAS,2017,1
KRAS,TRAPPC1,2017,1
ERCC2,KRAS,2017,1
KRAS,SLU7,2017,1
KRAS,TXNDC11,2017,1
ANAPC2,KRAS,2017,1
KRAS,SLC31A1,2017,1
ACACA,KRAS,2017,1
KRAS,NEXN,2017,1
KRAS,PSMD14,2017,1
KRAS,XRCC5,2017,1
KRAS,RRP36,2017,1
KRAS,PAM,2017,1
KRAS,TNPO1,2017,1
KRAS,TEX10,2017,1
KRAS,RPS11,2017,1
KRAS,USP50,2017,1
GEMIN6,KRAS,2017,1
KRAS,RPL11,2017,1
KRAS,THG1L,2017,1
IPO11,KRAS,2017,1
FDPS,KRAS,2017,1
KRAS,SEH1L,2017,1
CCT3,KRAS,2017,1
KRAS,WRN,2017,1
KRAS,NGB,2017,1
KRAS,PSMC3,2017,1
KRAS,RPL18,2017,1
HMGCR,KRAS,2017,1
COX7B,KRAS,2017,1
FAM50A,KRAS,2017,1
KRAS,LTN1,2017,1
KRAS,OXR1,2017,1
KRAS,RASL10A,2017,1
DARS2,KRAS,2017,1
KRAS,TIMM50,2017,1
KRAS,RPE,2017,1
KRAS,RUVBL1,2017,1
KRAS,MRPL46,2017,1
KRAS,TXNRD2,2017,1
KRAS,NRXN3,2017,1
KRAS,NOP58,2017,1
KRAS,SRP14,2017,1
EP400,KRAS,2017,1
KDSR,KRAS,2017,1
KRAS,NEDD4L,2017,1
KRAS,SMG6,2017,1
GABPB1,KRAS,2017,1
DR1,KRAS,2017,1
KRAS,RPL10,2017,1
KRAS,SCAP,2017,1
KRAS,WARS2,2017,1
KRAS,TAF3,2017,1
KRAS,MOB3C,2017,1
KRAS,PAF1,2017,1
DDX20,KRAS,2017,1
KRAS,TMC1,2017,1
GRPEL1,KRAS,2017,1
KRAS,SEC13,2017,1
KRAS,PFKP,2017,1
ATP6V0C,KRAS,2017,1
KRAS,UBE2J1,2017,1
KRAS,MAK,2017,1
KRAS,SOD1,2017,1
AAMP,KRAS,2017,1
KRAS,MARK2,2017,1
KRAS,NBN,2017,1
KRAS,PARPBP,2017,1
KRAS,MVB12B,2017,1
KRAS,TYR,2017,1
KRAS,POLR2B,2017,1
EIF3I,KRAS,2017,1
CD96,KRAS,2017,1
KRAS,RPL7,2017,1
KRAS,UBE2L6,2017,1
KRAS,RPL22,2017,1
BIRC5,KRAS,2017,1
KRAS,PRPF6,2017,1
KRAS,UXT,2017,1
GTF2E2,KRAS,2017,1
KRAS,LUC7L2,2017,1
EIF2B3,KRAS,2017,1
ERCC3,KRAS,2017,1
KRAS,MAT1A,2017,1
KRAS,PPAT,2017,1
KRAS,PPP6C,2017,1
EIF1,KRAS,2017,1
KRAS,PRPF8,2017,1
KRAS,PGC,2017,1
KRAS,MTG2,2017,1
ABCE1,KRAS,2017,1
KRAS,SNAPC4,2017,1
KRAS,USP4,2017,1
FAF2,KRAS,2017,1
ARHGEF35,KRAS,2017,1
COPE,KRAS,2017,1
KRAS,NUP62CL,2017,1
CPSF1,KRAS,2017,1
KRAS,RAD1,2017,1
KRAS,SMNDC1,2017,1
ALDOA,KRAS,2017,1
KRAS,PSMG4,2017,1
DPH5,KRAS,2017,1
KRAS,SRP54,2017,1
KRAS,SAMM50,2017,1
ELAC2,KRAS,2017,1
KRAS,SMC1A,2017,1
DTYMK,KRAS,2017,1
KRAS,SEC23B,2017,1
GGPS1,KRAS,2017,1
KRAS,RPL8,2017,1
KRAS,PPP4C,2017,1
HSCB,KRAS,2017,1
KRAS,TTI2,2017,1
KRAS,PPP1CC,2017,1
KRAS,WDR74,2017,1
KRAS,SMC6,2017,1
KRAS,KRIT1,2017,1
KRAS,LARP7,2017,1
EIF2S1,KRAS,2017,1
EIF5,KRAS,2017,1
KRAS,RPL37A,2017,1
DNM1L,KRAS,2017,1
CLP1,KRAS,2017,1
KRAS,RFESD,2017,1
DHFR,KRAS,2017,1
DNM2,KRAS,2017,1
KRAS,KREMEN2,2017,1
KRAS,UFL1,2017,1
CDK1,KRAS,2017,1
FDXR,KRAS,2017,1
KRAS,RAD51AP1,2017,1
KRAS,POLR2G,2017,1
KRAS,POT1,2017,1
CCDC6,KRAS,2017,1
KRAS,YME1L1,2017,1
CEP57,KRAS,2017,1
ATXN7L3,KRAS,2017,1
ATR,KRAS,2017,1
KRAS,RANBP1,2017,1
KRAS,MECR,2017,1
CSNK2B,KRAS,2017,1
KRAS,PCNT,2017,1
ASPM,KRAS,2017,1
KRAS,WRAP53,2017,1
KRAS,ORC3,2017,1
KRAS,LIN9,2017,1
CWF19L2,KRAS,2017,1
KRAS,MORC2,2017,1
NRAS,RAF1,2017,1
ICMT,NRAS,2017,1
NRAS,RCE1,2017,1
KRAS,RCE1,2017,1
CSK,TLL2,2018,1
ATP11B,CSK,2018,1
ARL14,CSK,2018,1
CSK,PAH,2018,1
CSK,NME7,2018,1
CSK,MICU1,2018,1
CSK,GIPC2,2018,1
CSK,CYLD,2018,1
CSK,GNB4,2018,1
CSK,KDM6A,2018,1
CSK,PKHD1L1,2018,1
CSK,NDUFA6,2018,1
CCDC172,CSK,2018,1
CSK,TMEM184C,2018,1
CSK,FNDC3B,2018,1
CSK,NDUFV2,2018,1
CEP290,CSK,2018,1
CSK,LYPD6B,2018,1
CSK,SAMD9L,2018,1
CSK,SHC3,2018,1
CSK,TCF4,2018,1
CSK,HOOK1,2018,1
CA11,CSK,2018,1
CSK,SYNC,2018,1
CSK,PTPN21,2018,1
CSK,DENND4C,2018,1
AEBP2,CSK,2018,1
CSK,LRRC1,2018,1
CSK,EFR3B,2018,1
CSK,GRIA1,2018,1
CSK,PDZD9,2018,1
CSK,DDX60,2018,1
CSK,MYH1,2018,1
CSK,SPDEF,2018,1
CAST,CSK,2018,1
CSK,ZNF566,2018,1
CHN1,CSK,2018,1
CSK,SLITRK3,2018,1
COL25A1,CSK,2018,1
CSK,LRRC59,2018,1
CSK,XKRX,2018,1
CSK,VPS13B,2018,1
CSK,MMP8,2018,1
CSK,PHF20L1,2018,1
CSK,SNX10,2018,1
CSK,GRIK1,2018,1
CSK,PCDH18,2018,1
CSK,MAPK8,2018,1
CSK,STOM,2018,1
CSK,IVNS1ABP,2018,1
CSK,ZNF713,2018,1
CSK,PAN2,2018,1
CSK,MMADHC,2018,1
CSK,PDE8A,2018,1
CSK,GOLPH3L,2018,1
CSK,PP2D1,2018,1
CSK,POLN,2018,1
CSK,RXFP1,2018,1
CSK,ETFA,2018,1
CSK,REG3A,2018,1
CSK,IDE,2018,1
CSK,HMGA2,2018,1
CSK,TBXA2R,2018,1
CSK,ZNF607,2018,1
CPN2,CSK,2018,1
CSK,ZIM3,2018,1
CSK,GTF2A1L,2018,1
COMMD1,CSK,2018,1
ATP11C,CSK,2018,1
CSK,FYTTD1,2018,1
CSK,NOSTRIN,2018,1
CSK,MCOLN2,2018,1
CSK,THBS1,2018,1
CLOCK,CSK,2018,1
CSK,MPZ,2018,1
CSK,MTRF1,2018,1
ARHGAP26,CSK,2018,1
CSK,NPAS2,2018,1
CSK,RPE65,2018,1
CSK,RNF145,2018,1
CSK,ZNF229,2018,1
CSK,FBXO16,2018,1
CSK,RAP1GDS1,2018,1
CSK,LEPROT,2018,1
CSK,LY6G5B,2018,1
CSK,TMEM87A,2018,1
CSK,TMEM14B,2018,1
CSK,EVI5,2018,1
ARF5,CSK,2018,1
CSK,SEC61A2,2018,1
CSK,RGS7,2018,1
CSK,FBXO3,2018,1
CSK,UBQLN1,2018,1
CSK,ELOVL3,2018,1
ANGPTL3,CSK,2018,1
CSK,TMEM64,2018,1
CSK,GEN1,2018,1
CSK,DCK,2018,1
CASQ1,CSK,2018,1
CSK,EAF2,2018,1
CSK,NPHP3,2018,1
COL11A1,CSK,2018,1
CSK,CYP2J2,2018,1
CSK,TCTN3,2018,1
CSK,SLC9A8,2018,1
CSK,GPR107,2018,1
BICC1,CSK,2018,1
CSK,ETV5,2018,1
CSK,FAM20C,2018,1
CSK,PXDC1,2018,1
CSK,TRIM36,2018,1
CSK,NUDT13,2018,1
CSK,RPS6KA2,2018,1
CSK,JAK2,2018,1
CSK,PYGO1,2018,1
CSK,PAK1,2018,1
CEP78,CSK,2018,1
ADAM10,CSK,2018,1
CSK,TOM1L1,2018,1
CSK,SLC25A13,2018,1
CASP6,CSK,2018,1
CSK,IBTK,2018,1
CSK,UBR7,2018,1
CSK,MCOLN3,2018,1
CSK,CTSO,2018,1
CSK,GAS2L2,2018,1
CSK,PPP2R5A,2018,1
CSK,HERC6,2018,1
CSK,ZNF200,2018,1
BAZ2B,CSK,2018,1
CSK,NCOA1,2018,1
CSK,GMNC,2018,1
CSK,TSPAN6,2018,1
CSK,ELMO1,2018,1
CSK,TMEM248,2018,1
CSK,TIGD2,2018,1
CSK,PCOLCE2,2018,1
CSK,LBP,2018,1
CSK,PAM,2018,1
CMTM3,CSK,2018,1
CSK,MASP1,2018,1
CSK,CTSH,2018,1
CSK,VRK2,2018,1
CRYZ,CSK,2018,1
CSK,RECQL,2018,1
CSK,HHATL,2018,1
CSK,SLC25A12,2018,1
CSK,TNFAIP3,2018,1
CSK,TRIP11,2018,1
CSK,PADI2,2018,1
CSK,ELMOD3,2018,1
CSK,IL13RA1,2018,1
CSK,PLCB4,2018,1
CSK,GRIA4,2018,1
CD3D,CSK,2018,1
CSK,IFI16,2018,1
CSK,SYT14,2018,1
CSK,ODC1,2018,1
CSK,NEBL,2018,1
CSK,PRDX6,2018,1
CSK,YWHAH,2018,1
CLEC1A,CSK,2018,1
CSK,DCP1B,2018,1
CSK,DLAT,2018,1
CSK,HIVEP1,2018,1
CSK,RAB3GAP2,2018,1
CSK,TRPC6,2018,1
CSK,TET3,2018,1
CSK,MSH4,2018,1
CSK,ITFG1,2018,1
CDC14A,CSK,2018,1
CSK,IRX2,2018,1
CSK,TBX19,2018,1
CSK,RNF121,2018,1
AKAP7,CSK,2018,1
CSK,FABP12,2018,1
CSK,MAGED2,2018,1
CSK,MID2,2018,1
CSK,PTH,2018,1
CSK,DLG1,2018,1
ANKRD40,CSK,2018,1
CSK,DRAM2,2018,1
CSK,DHX29,2018,1
CASP5,CSK,2018,1
CSK,GNPNAT1,2018,1
CSK,SLC22A2,2018,1
CSK,TPM3,2018,1
CSK,ZHX3,2018,1
CSK,ZC3H14,2018,1
CSK,SNX24,2018,1
CSK,FLG,2018,1
CSK,SCNN1G,2018,1
CSK,PXDNL,2018,1
CSK,SWT1,2018,1
BBS5,CSK,2018,1
CSK,NDFIP1,2018,1
CSK,UBXN1,2018,1
AHSG,CSK,2018,1
CSK,TSC22D2,2018,1
CSK,TBC1D5,2018,1
CSK,GCNT4,2018,1
CSK,DGKE,2018,1
CSK,LAMA2,2018,1
CSK,FGD6,2018,1
CSK,CYP24A1,2018,1
CSK,CSNK2A2,2018,1
CSK,SLC6A3,2018,1
CSK,SOAT2,2018,1
CSK,SLC35G2,2018,1
CSK,PPP2R1B,2018,1
CSK,FGF1,2018,1
CSK,GRIN1,2018,1
CLPX,CSK,2018,1
CSK,RDX,2018,1
CSK,RABGAP1L,2018,1
CSK,PIGF,2018,1
CSK,POLB,2018,1
CSK,TDRD10,2018,1
CSK,FBXO4,2018,1
CSK,POC5,2018,1
CSK,SLC30A7,2018,1
CSK,SLIRP,2018,1
CSK,ERI2,2018,1
CSK,LGR5,2018,1
CSK,SPAG1,2018,1
CSK,SLC38A1,2018,1
CSK,SOAT1,2018,1
CSK,SYCE1L,2018,1
CSK,KDM5B,2018,1
CSK,RAD9B,2018,1
CSK,SHF,2018,1
AMOT,CSK,2018,1
CSK,EXD2,2018,1
CSK,IST1,2018,1
CSK,TRIM69,2018,1
CSK,TTC3,2018,1
ANKRD13A,CSK,2018,1
CSK,SSX2IP,2018,1
CSK,RNF130,2018,1
CSK,TMEM116,2018,1
CSK,RANBP10,2018,1
CSK,ZNF165,2018,1
CSK,DZANK1,2018,1
CSK,HNRNPUL2,2018,1
CSK,DGKH,2018,1
CSK,SLC8A1,2018,1
CSK,XRRA1,2018,1
CSK,TEAD2,2018,1
CSK,NUMB,2018,1
CSK,MINPP1,2018,1
ABCB5,CSK,2018,1
CSK,PLD1,2018,1
CSK,HGF,2018,1
CSK,VKORC1,2018,1
CSK,KRT20,2018,1
CSK,VPS33B,2018,1
CSK,PRRX2,2018,1
CSK,TOMM20L,2018,1
CSK,TTBK2,2018,1
CSK,GNPAT,2018,1
CSK,GBE1,2018,1
ACAD8,CSK,2018,1
CSK,PIK3C2A,2018,1
CSK,RSRC2,2018,1
CSK,SCLT1,2018,1
AKR1C3,CSK,2018,1
CSK,SUMO3,2018,1
CSK,PRKAA2,2018,1
CSK,RBMS1,2018,1
CHMP4C,CSK,2018,1
CSK,ERLEC1,2018,1
ANO10,CSK,2018,1
CSK,XPO4,2018,1
ARFIP2,CSK,2018,1
CSK,TRAF5,2018,1
CSK,GCC2,2018,1
CSK,FUZ,2018,1
CSK,DDHD2,2018,1
ADK,CSK,2018,1
CSK,PAK2,2018,1
CSK,LRRK2,2018,1
CSK,DSE,2018,1
CSK,ZNF451,2018,1
CSK,IQUB,2018,1
CSK,LRRC42,2018,1
CSK,NOA1,2018,1
CSK,MCHR2,2018,1
CAPN2,CSK,2018,1
CSK,IGSF10,2018,1
ATP6V0A1,CSK,2018,1
CSK,PI4K2A,2018,1
CSK,FGF8,2018,1
CSK,GPRC5B,2018,1
CSK,FBXO7,2018,1
CSK,SEMA3E,2018,1
CSK,SLC27A2,2018,1
CSK,SLC2A2,2018,1
CSK,SLC31A2,2018,1
CSK,TMX3,2018,1
CSK,WLS,2018,1
CSK,SUFU,2018,1
CSK,SYNE3,2018,1
CSK,GLG1,2018,1
CSK,UBE2B,2018,1
CSK,VTI1B,2018,1
ANKHD1,CSK,2018,1
APOBEC1,CSK,2018,1
CSK,KTN1,2018,1
CSK,GAS8,2018,1
CSK,PLS3,2018,1
CSK,ZC3HAV1,2018,1
CSK,MMP1,2018,1
CSK,TRPC4AP,2018,1
CSK,GOLGA4,2018,1
CSK,TTC13,2018,1
BCL2L11,CSK,2018,1
CSK,ELAVL4,2018,1
CSK,MANSC4,2018,1
CSK,SEMA6A,2018,1
CSK,PLBD1,2018,1
AP4E1,CSK,2018,1
CSK,RBL2,2018,1
CSK,SYPL1,2018,1
AFF2,CSK,2018,1
CSK,TM4SF1,2018,1
CSK,MS4A10,2018,1
CSK,SCN9A,2018,1
ALPK2,CSK,2018,1
CSK,GATAD1,2018,1
CSK,PLD5,2018,1
CSK,NPC1,2018,1
CSK,TDP1,2018,1
CSK,RAB21,2018,1
CSK,TOR2A,2018,1
CSK,STX3,2018,1
CSK,NME8,2018,1
ANKRD28,CSK,2018,1
CSK,ZSWIM2,2018,1
CSK,GPR160,2018,1
CSK,IL17RD,2018,1
CSK,ZNF175,2018,1
CSK,PHACTR4,2018,1
CSK,NEK7,2018,1
CSK,IFT74,2018,1
CSK,FXYD2,2018,1
CSK,IFI27,2018,1
CSK,CTDSPL,2018,1
CSK,MTF2,2018,1
CSK,FGB,2018,1
AMPD3,CSK,2018,1
CSK,SUGP2,2018,1
CSK,PALMD,2018,1
C5,CSK,2018,1
CSK,IGSF6,2018,1
CSK,R3HDM1,2018,1
CHD2,CSK,2018,1
CSK,GAS2,2018,1
CSK,IRX5,2018,1
CSK,DISC1,2018,1
CSK,PTBP2,2018,1
CSK,ST6GALNAC2,2018,1
CARHSP1,CSK,2018,1
CSK,TRMT11,2018,1
CSK,SIT1,2018,1
CSK,STK33,2018,1
CSK,NOL4,2018,1
CSK,TBC1D12,2018,1
ARHGDIA,CSK,2018,1
CSK,HORMAD2,2018,1
CSK,SLC26A2,2018,1
CSK,POU1F1,2018,1
CSK,MFN1,2018,1
CSK,HSF2,2018,1
ACER3,CSK,2018,1
CNTN6,CSK,2018,1
ABCG2,CSK,2018,1
CSK,FSD2,2018,1
CSK,SEC22A,2018,1
CDH19,CSK,2018,1
CSK,ZDHHC4,2018,1
CSK,PPIB,2018,1
CSK,ZNF461,2018,1
CSK,MAPKAPK5,2018,1
CSK,TMEM106B,2018,1
CD300LF,CSK,2018,1
CSK,ZNF639,2018,1
CSK,USP6NL,2018,1
CMYA5,CSK,2018,1
CFTR,CSK,2018,1
CSK,EGR2,2018,1
CSK,STX6,2018,1
CSK,DPM2,2018,1
ATXN1L,CSK,2018,1
CSK,KCTD3,2018,1
CSK,RNF125,2018,1
CSK,PANK2,2018,1
CSK,SNX16,2018,1
CSK,ZMYM2,2018,1
CSK,PRKAG1,2018,1
CAPN3,CSK,2018,1
CSK,TCEANC,2018,1
ARRDC1,CSK,2018,1
CSK,CYTH3,2018,1
CSK,IL6,2018,1
BBS2,CSK,2018,1
CHIA,CSK,2018,1
CSK,CXCL10,2018,1
BAG5,CSK,2018,1
CSK,FBXO8,2018,1
CSK,HMMR,2018,1
CSK,HYDIN,2018,1
CSK,POU2F1,2018,1
CSK,FBXL2,2018,1
CSK,EPHB2,2018,1
CSK,IFT43,2018,1
CSK,IFT52,2018,1
CSK,LIMS1,2018,1
CHIC2,CSK,2018,1
CSK,PPP2R5B,2018,1
CNTRL,CSK,2018,1
CSK,STARD9,2018,1
CSK,STAM,2018,1
ARMC1,CSK,2018,1
CSK,RALGAPA2,2018,1
ALDH6A1,CSK,2018,1
CSK,PLEKHG4,2018,1
CSK,RALGPS1,2018,1
CSK,MIA2,2018,1
CSK,GFRA3,2018,1
CETN2,CSK,2018,1
CSK,KIAA1143,2018,1
ATF6,CSK,2018,1
CSK,SNX2,2018,1
CSK,CUL5,2018,1
CSK,IL21,2018,1
CSK,ERN2,2018,1
CSK,FANCL,2018,1
CSK,RBAK,2018,1
CSK,PKD1,2018,1
CACUL1,CSK,2018,1
CSK,OPALIN,2018,1
CSK,PTPRZ1,2018,1
CSK,TARBP1,2018,1
CSK,CTSE,2018,1
ATAD2,CSK,2018,1
CSK,SCG3,2018,1
CSK,UBL7,2018,1
CCDC6,CSK,2018,1
CSK,MRPS9,2018,1
ALKBH3,CSK,2018,1
CSK,TMEM108,2018,1
CSK,NAGPA,2018,1
CSK,GRSF1,2018,1
CSK,XPNPEP3,2018,1
CSK,ERGIC2,2018,1
ATP1A4,CSK,2018,1
CSK,PLXDC1,2018,1
CSK,EPB41L4A,2018,1
CSK,FCHSD2,2018,1
CSK,HECW2,2018,1
CSK,DAO,2018,1
CSK,TMX4,2018,1
CSK,ZNF214,2018,1
CSK,UGP2,2018,1
CSK,MCM8,2018,1
CCDC90B,CSK,2018,1
CSK,NAF1,2018,1
CSK,MLLT11,2018,1
ARHGEF12,CSK,2018,1
CSK,PROCA1,2018,1
CSK,TNIP3,2018,1
CAMK1,CSK,2018,1
CSK,SLC25A16,2018,1
CKAP2L,CSK,2018,1
CSK,ERBB2,2018,1
CSK,PUS10,2018,1
CSK,IAPP,2018,1
CSK,INA,2018,1
CFI,CSK,2018,1
COX19,CSK,2018,1
CSK,GAB1,2018,1
CSK,GXYLT1,2018,1
CSK,DLG2,2018,1
CSK,MRS2,2018,1
CSK,GRHL2,2018,1
CSK,GABRA4,2018,1
CSK,UBXN7,2018,1
CSK,TLE1,2018,1
AKT1,CSK,2018,1
CSK,SPATA22,2018,1
CSK,GATA3,2018,1
CSK,MSH3,2018,1
CSK,OGN,2018,1
CSK,HADHB,2018,1
CSK,LAMB3,2018,1
CSK,KBTBD4,2018,1
CSK,GOLT1A,2018,1
CSK,SGIP1,2018,1
CSK,KLHL8,2018,1
ARHGAP10,CSK,2018,1
CSK,SLC3A2,2018,1
CSK,RGSL1,2018,1
CAMLG,LEO1,2018,1
CSK,SCIN,2018,1
CSK,SLC30A5,2018,1
CSK,PFKFB2,2018,1
CSK,MTM1,2018,1
CSK,PIBF1,2018,1
CSK,MTMR2,2018,1
CSK,YWHAQ,2018,1
CSK,DCAF17,2018,1
CSK,ERMAP,2018,1
CSK,MAGIX,2018,1
CSK,SYCP1,2018,1
ETAA1,ZNF609,2019,1
ETAA1,PLCE1,2019,1
ETAA1,UIMC1,2019,1
ETAA1,LEO1,2019,1
ETAA1,SURF4,2019,1
ETAA1,UBE2D3,2019,1
ETAA1,VRK1,2019,1
ETAA1,VEZF1,2019,1
BRPF1,ETAA1,2019,1
ETAA1,PRRC2A,2019,1
CDK2AP1,ETAA1,2019,1
ANXA9,ETAA1,2019,1
ACY1,ETAA1,2019,1
APOC1,ETAA1,2019,1
CDC25A,ETAA1,2019,1
ETAA1,RB1CC1,2019,1
ETAA1,TCERG1,2019,1
ETAA1,KIF2C,2019,1
CCDC88A,ETAA1,2019,1
ETAA1,SEC61G,2019,1
CCNDBP1,ETAA1,2019,1
ETAA1,RPAP1,2019,1
ETAA1,SPAG8,2019,1
ARL5A,ETAA1,2019,1
ETAA1,FBXO25,2019,1
CHORDC1,ETAA1,2019,1
ETAA1,STK36,2019,1
COQ2,ETAA1,2019,1
ETAA1,PIN4,2019,1
ETAA1,FXYD3,2019,1
ETAA1,PPM1B,2019,1
ETAA1,POLE3,2019,1
ETAA1,PPP6R3,2019,1
ETAA1,LRRC59,2019,1
ETAA1,MCM10,2019,1
ETAA1,PEX26,2019,1
ETAA1,USP30,2019,1
ETAA1,ZNF839,2019,1
ETAA1,POLE4,2019,1
CD248,ETAA1,2019,1
ETAA1,KLHL42,2019,1
ETAA1,SLAIN2,2019,1
ETAA1,TTC23,2019,1
ETAA1,PANK2,2019,1
ETAA1,PPFIBP1,2019,1
ETAA1,TNFRSF10D,2019,1
BTAF1,ETAA1,2019,1
CAPSL,ETAA1,2019,1
ETAA1,HIGD2A,2019,1
ETAA1,KRTCAP2,2019,1
ETAA1,RGL4,2019,1
CISD3,ETAA1,2019,1
ETAA1,SLC25A34,2019,1
AREL1,ETAA1,2019,1
CFAP52,ETAA1,2019,1
ACADVL,ETAA1,2019,1
ETAA1,TAX1BP3,2019,1
ETAA1,LSM12,2019,1
ETAA1,IGFBP4,2019,1
ETAA1,MAP3K8,2019,1
ETAA1,ETV1,2019,1
EGFR,RIC8A,2019,1
SMARCA2,SMARCA4,2019,1
ETAA1,FZD2,2019,1
ETAA1,GFRA3,2019,1
ETAA1,KIF3C,2019,1
ETAA1,LEPR,2019,1
ETAA1,MC4R,2019,1
ETAA1,MEOX1,2019,1
ETAA1,NFE2L2,2019,1
ETAA1,OAS3,2019,1
ETAA1,PCM1,2019,1
ETAA1,PIK3CB,2019,1
ETAA1,PTPRF,2019,1
ETAA1,RPL3,2019,1
ETAA1,SLC1A3,2019,1
ETAA1,SLC5A1,2019,1
ETAA1,SLC5A3,2019,1
ATRX,TIPIN,2020,1
ATRX,PSMA2,2020,1
ATRX,CSTF1,2020,1
ATRX,DYNLRB1,2020,1
ATRX,TRA2B,2020,1
ATRX,HAT1,2020,1
ATRX,TOPBP1,2020,1
ATRX,DDX46,2020,1
ATRX,RBM27,2020,1
ATRX,CENPN,2020,1
ATRX,PSMG4,2020,1
ATRX,DBR1,2020,1
ATRX,SMC1A,2020,1
ATRX,CDCA8,2020,1
ATRX,WDR33,2020,1
ATRX,BTF3L4,2020,1
ATRX,SMARCD1,2020,1
ATRX,TRAPPC4,2020,1
ATRX,IL1R2,2020,1
ATRX,PDZD7,2020,1
ATRX,UBE2J1,2020,1
ATRX,CDK12,2020,1
ATRX,TUBB,2020,1
ATRX,COASY,2020,1
ATRX,FNTB,2020,1
ATRX,TUBGCP6,2020,1
ATRX,ZAP70,2020,1
ATRX,CSTF3,2020,1
ATRX,NUDCD3,2020,1
ATRX,SKA3,2020,1
ATR,PPP2R2A,2020,1
FUS,VPS8,2020,1
ATRX,PLN,2020,1
WWTR1,YAP1,2020,1
ATRX,RRM2,2020,1
VPS4A,VPS4B,2020,1
DDX17,DDX5,2020,1
ATRX,STX18,2020,1
ATRX,XKRX,2020,1
ATRX,SMC5,2020,1
ATRX,PKMYT1,2020,1
ATRX,WEE1,2020,1
ATRX,RPL7A,2020,1
ATRX,IARS2,2020,1
ATRX,HSPA9,2020,1
ATRX,EIF3B,2020,1
ATRX,RABGGTA,2020,1
ATRX,POMK,2020,1
ATRX,VCP,2020,1
ATRX,TUBA1B,2020,1
ATRX,CABIN1,2020,1
ASF1A,ATRX,2020,1
ATRX,RNMT,2020,1
ATRX,MCM4,2020,1
CHEK1,PPP2R2A,2020,1
ATRX,SMC6,2020,1
ATRX,RBM39,2020,1
ATRX,EIF2S3,2020,1
FEN1,RAD50,2021,1
FEN1,MRE11,2021,1
FEN1,RAD52,2021,1
FEN1,RAD51,2021,1
COPS7A,COPS7B,2021,1
ASF1A,ASF1B,2021,1
CCNL1,FBXW7,2022,1
ME2,ME3,2023,1
LRP8,SLC7A11,2023,1
LRP8,SLC31A1,2023,1
DDX11,NIPBL,2023,1
