model,cutoff,auroc,ci_lo,ci_hi,p_at_20,n_test_pos,p
GAT pair (STRING_2021),2012,0.6201,0.6094,0.6305,0.95,8807,
GAT pair (Hetionet_2016),2012,0.6386,0.6279,0.6496,0.4,8807,
GAT pair absorption (2021 minus 2016),2012,-0.0185,-0.0322,-0.0044,,8807,0.013
GAT pair (STRING_2021),2014,0.6657,0.6551,0.6762,0.95,7548,
GAT pair (Hetionet_2016),2014,0.6502,0.6395,0.6619,0.6,7548,
GAT pair absorption (2021 minus 2016),2014,0.0155,0.0023,0.0287,,7548,0.022
GAT pair (STRING_2021),2016,0.6756,0.6654,0.6864,0.95,7119,
GAT pair (Hetionet_2016),2016,0.6546,0.6433,0.6653,1.0,7119,
GAT pair absorption (2021 minus 2016),2016,0.021,0.0075,0.0337,,7119,0.004
