method,cutoff,n_train_pos,n_test_pos,auroc,ci_lo,ci_hi,auprc,p_at_20,retro_cv
CRISPR_Only,2012,415.0,273,0.6406,0.6058,0.6765,0.1751,0.35,0.6633
Fusion,2012,415.0,273,0.9134,0.9029,0.9244,0.4062,0.5,
KG4SL,2012,415.0,273,0.6317,0.5999,0.665,0.1397,0.15,0.6324
PPI_GBM,2012,415.0,273,0.9125,0.8997,0.9238,0.3924,0.45,0.912
PPI_Proximity,2012,,273,0.8871,0.8635,0.9084,0.3797,0.4,0.891
SINaTRA,2012,415.0,273,0.9719,0.9663,0.9771,0.7326,0.95,0.9764
SINaTRA_noSLDB,2012,415.0,273,0.9729,0.9677,0.9778,0.7366,0.9,0.9764
SINaTRA_topo,2012,415.0,273,0.9163,0.902,0.9286,0.4276,0.55,0.9764
SL2MF,2012,415.0,273,0.5828,0.5487,0.6186,0.1297,0.3,0.5799
SLant,2012,,273,0.5805,0.5502,0.6114,0.1067,0.2,0.5747
CRISPR_Only,2014,591.0,97,0.6891,0.6307,0.7446,0.074,0.05,0.6633
Fusion,2014,591.0,97,0.9138,0.9,0.9271,0.1914,0.15,
KG4SL,2014,591.0,97,0.6092,0.5566,0.6603,0.0452,0.0,0.6324
PPI_GBM,2014,591.0,97,0.9107,0.8968,0.9246,0.1772,0.15,0.912
PPI_Proximity,2014,,97,0.8953,0.8625,0.9241,0.1845,0.15,0.891
SINaTRA,2014,591.0,97,0.9754,0.9692,0.9813,0.5342,0.7,0.9764
SINaTRA_noSLDB,2014,591.0,97,0.9747,0.9682,0.9808,0.5194,0.65,0.9764
SINaTRA_topo,2014,591.0,97,0.9105,0.8876,0.9294,0.1937,0.2,0.9764
SL2MF,2014,591.0,97,0.5898,0.5337,0.6438,0.0526,0.1,0.5799
SLant,2014,,97,0.5543,0.5122,0.5945,0.0355,0.0,0.5747
CRISPR_Only,2016,630.0,58,0.7285,0.6668,0.7878,0.0507,0.05,0.6633
Fusion,2016,630.0,58,0.9117,0.8956,0.9267,0.1067,0.0,
KG4SL,2016,630.0,58,0.5539,0.4802,0.6224,0.0251,0.0,0.6324
PPI_GBM,2016,630.0,58,0.9015,0.8848,0.9171,0.0938,0.05,0.912
PPI_Proximity,2016,,58,0.8832,0.8359,0.9177,0.1024,0.0,0.891
SINaTRA,2016,630.0,58,0.9752,0.9682,0.9817,0.3897,0.4,0.9764
SINaTRA_noSLDB,2016,630.0,58,0.9741,0.9667,0.9809,0.3748,0.4,0.9764
SINaTRA_topo,2016,630.0,58,0.9291,0.9124,0.944,0.1485,0.1,0.9764
SL2MF,2016,630.0,58,0.6008,0.5284,0.675,0.0311,0.0,0.5799
SLant,2016,,58,0.5463,0.4913,0.6006,0.0215,0.0,0.5747
