,BioGRID_2013,BioGRID_2015,Hetionet_2016,STRING_2021
ACY1,9,21,9,16
ALDOA,53,106,43,210
ATP6V1G1,11,18,9,17
CDC23,69,100,58,21
CENPK,10,15,6,164
COPE,28,48,16,106
COQ2,1,0,1,31
COX6C,5,9,6,21
EIF5B,21,44,20,46
EPHB2,16,16,41,21
ERBB2,113,162,144,145
FAM50A,7,8,6,2
FDPS,16,36,8,104
FGFR3,32,36,39,38
GATA3,19,21,22,56
GMPS,31,39,19,468
GNPAT,7,16,8,113
GPI,21,40,8,361
GPX1,8,15,3,0
GPX1,8,15,3,0
GPX1,8,15,3,0
GPX1,8,15,3,0
HMGCR,10,27,7,349
JAK2,88,91,113,104
KDM6A,23,25,23,44
LARS1,0,0,0,34
LEO1,33,47,16,21
MARS1,0,0,0,40
MRPL37,32,67,6,4
MRPL46,13,32,2,22
MRPS11,13,35,8,42
MRPS9,44,74,10,34
NOC2L,30,70,32,20
NOP58,66,99,14,39
PFKP,39,72,26,180
PIK3CB,16,25,13,61
PMVK,10,14,9,45
PNN,36,57,34,144
POLE2,19,23,16,41
POLR3A,27,57,9,40
PPAT,19,36,5,146
PPP1CC,190,274,159,44
PTPRZ1,7,8,18,19
RPL10,83,333,159,37
RPL3,111,151,137,59
RPL32,55,81,19,37
RPS18,96,150,183,68
RPS6,172,193,225,76
RPS6KA2,12,16,20,17
RPTOR,65,74,12,318
SAP18,89,94,53,30
SMARCA4,174,198,161,73
SYVN1,56,84,28,18
TKT,32,127,23,256
TTI2,15,16,10,4
TUBB,177,215,220,350
VEGFA,23,23,24,0
WARS2,2,2,1,13
YTHDC1,41,45,42,23
ZNHIT6,6,7,5,7
