variant,N,median,null_med,top100,E100,top200,E200,top500,E500,top1000,E1000
Fusion_current_all,14183,1318,7092,0,0.41,0,0.82,1,2.04,22,4.09
Fusion_current_discovery,13553,691,6777,9,0.43,15,0.86,24,2.14,38,4.28
Fusion_vintage2016_all,14183,2132,7092,0,0.41,0,0.82,4,2.04,11,4.09
Fusion_vintage2016_discovery,13553,1522,6777,4,0.43,9,0.86,11,2.14,20,4.28
PPI_GBM_current_all,14183,1626,7092,0,0.41,1,0.82,4,2.04,16,4.09
PPI_GBM_current_discovery,13553,1053,6777,2,0.43,4,0.86,16,2.14,27,4.28
PPI_vintage2016_all,14183,3704,7092,0,0.41,1,0.82,4,2.04,8,4.09
PPI_vintage2016_discovery,13553,3262,6777,1,0.43,3,0.86,7,2.14,11,4.28
CRISPR_Only_all,14183,2713,7092,0,0.41,0,0.82,4,2.04,11,4.09
CRISPR_Only_discovery,13553,2094,6777,5,0.43,8,0.86,11,2.14,22,4.28
