gene,synlethdb_year,biogrid_year,merged_year,earlier_source
AATF,2013.0,,2013.0,synlethdb
ABCB5,2009.0,2009.0,2009.0,synlethdb
ABCG2,2006.0,2018.0,2006.0,synlethdb
ABL1,2010.0,,2010.0,synlethdb
ACTR10,2009.0,,2009.0,synlethdb
ACTR2,2009.0,2009.0,2009.0,synlethdb
ACVRL1,2009.0,2009.0,2009.0,synlethdb
ACY1,2017.0,2019.0,2017.0,synlethdb
ADK,2016.0,2018.0,2016.0,synlethdb
AEBP2,2009.0,2018.0,2009.0,synlethdb
AKR1C3,2012.0,2018.0,2012.0,synlethdb
AKT1,2013.0,2018.0,2013.0,synlethdb
AKT2,2013.0,,2013.0,synlethdb
AKT3,2016.0,,2016.0,synlethdb
ALAD,2013.0,,2013.0,synlethdb
ALDH5A1,2013.0,,2013.0,synlethdb
ALDOA,2017.0,2017.0,2017.0,synlethdb
ALKBH3,2009.0,2009.0,2009.0,synlethdb
ALPK1,2006.0,,2006.0,synlethdb
ANKZF1,2013.0,,2013.0,synlethdb
AP4E1,2009.0,2018.0,2009.0,synlethdb
APEX2,2013.0,,2013.0,synlethdb
APOC1,2009.0,2019.0,2009.0,synlethdb
ARF4,2009.0,,2009.0,synlethdb
ARF5,2016.0,2018.0,2016.0,synlethdb
ARHGEF2,2006.0,,2006.0,synlethdb
ARHGEF35,2013.0,2017.0,2013.0,synlethdb
ARID1B,2009.0,2009.0,2009.0,synlethdb
ARPC2,2009.0,2009.0,2009.0,synlethdb
ARPC3,2009.0,2009.0,2009.0,synlethdb
ASCC3,2009.0,,2009.0,synlethdb
ASPM,2006.0,2017.0,2006.0,synlethdb
ATM,1985.0,2014.0,1985.0,synlethdb
ATP11B,2012.0,2018.0,2012.0,synlethdb
ATP5F1B,2013.0,,2013.0,synlethdb
ATP5PO,2012.0,,2012.0,synlethdb
ATP6V0D2,2013.0,2017.0,2013.0,synlethdb
ATP6V1G1,2017.0,2017.0,2017.0,synlethdb
ATR,2009.0,2012.0,2009.0,synlethdb
ATXN1L,2009.0,2018.0,2009.0,synlethdb
AURKA,2006.0,,2006.0,synlethdb
AURKB,2013.0,,2013.0,synlethdb
AXL,2016.0,,2016.0,synlethdb
BAG5,2013.0,2018.0,2013.0,synlethdb
BARD1,2012.0,2017.0,2012.0,synlethdb
BCKDK,2006.0,,2006.0,synlethdb
BCL2,2006.0,,2006.0,synlethdb
BCL2L1,2009.0,2017.0,2009.0,synlethdb
BCL2L11,2013.0,2018.0,2013.0,synlethdb
BCL2L2,2013.0,,2013.0,synlethdb
BCORL1,2009.0,2009.0,2009.0,synlethdb
BCR,2010.0,,2010.0,synlethdb
BID,1985.0,,1985.0,synlethdb
BIRC5,2003.0,2017.0,2003.0,synlethdb
BNIP1,2013.0,,2013.0,synlethdb
BOD1L1,2012.0,,2012.0,synlethdb
BRAF,2012.0,2013.0,2012.0,synlethdb
BRCA1,1985.0,2014.0,1985.0,synlethdb
BRCA2,2009.0,2014.0,2009.0,synlethdb
BRD2,2016.0,,2016.0,synlethdb
BRD4,2013.0,2015.0,2013.0,synlethdb
BTK,2013.0,,2013.0,synlethdb
BUB1,2006.0,,2006.0,synlethdb
BUB1B,2015.0,2015.0,2015.0,synlethdb
BUB3,2009.0,2017.0,2009.0,synlethdb
C12ORF75,,,,
C1ORF21,,,,
C9ORF43,,,,
CALM1,2009.0,,2009.0,synlethdb
CAMK1,2009.0,2018.0,2009.0,synlethdb
CAMK1D,2009.0,,2009.0,synlethdb
CAMK2B,2010.0,,2010.0,synlethdb
CAMK2D,2009.0,,2009.0,synlethdb
CAMK2G,2010.0,,2010.0,synlethdb
CAPN3,2009.0,2018.0,2009.0,synlethdb
CAPZB,2009.0,,2009.0,synlethdb
CARHSP1,2009.0,2018.0,2009.0,synlethdb
CARM1,2009.0,2009.0,2009.0,synlethdb
CARS1,2006.0,,2006.0,synlethdb
CASP5,2013.0,2018.0,2013.0,synlethdb
CASP6,2013.0,2018.0,2013.0,synlethdb
CASP8,2013.0,,2013.0,synlethdb
CASQ1,2009.0,2018.0,2009.0,synlethdb
CCT8,2009.0,2017.0,2009.0,synlethdb
CDC16,2009.0,2009.0,2009.0,synlethdb
CDC23,2017.0,2017.0,2017.0,synlethdb
CDC25A,2013.0,2019.0,2013.0,synlethdb
CDC25B,2009.0,,2009.0,synlethdb
CDC27,2009.0,2009.0,2009.0,synlethdb
CDC73,2009.0,2009.0,2009.0,synlethdb
CDCA8,2009.0,2009.0,2009.0,synlethdb
CDH1,2012.0,,2012.0,synlethdb
CDH19,2015.0,2015.0,2015.0,synlethdb
CDK1,2013.0,2017.0,2013.0,synlethdb
CDK13,2009.0,,2009.0,synlethdb
CDK2,1985.0,2010.0,1985.0,synlethdb
CDK4,1985.0,,1985.0,synlethdb
CDK6,1985.0,,1985.0,synlethdb
CDK7,2013.0,,2013.0,synlethdb
CDK8,2016.0,,2016.0,synlethdb
CDK9,2009.0,2016.0,2009.0,synlethdb
CDKL3,2009.0,2009.0,2009.0,synlethdb
CDKN1A,2013.0,,2013.0,synlethdb
CDKN1B,2013.0,2016.0,2013.0,synlethdb
CDKN2A,2009.0,,2009.0,synlethdb
CDR2,2013.0,2015.0,2013.0,synlethdb
CENPK,2017.0,2017.0,2017.0,synlethdb
CETN2,1985.0,2018.0,1985.0,synlethdb
CFTR,2013.0,2018.0,2013.0,synlethdb
CHAF1B,2013.0,2017.0,2013.0,synlethdb
CHD1,2012.0,,2012.0,synlethdb
CHEK1,2006.0,2016.0,2006.0,synlethdb
CHEK2,2013.0,2016.0,2013.0,synlethdb
CHN1,2009.0,2009.0,2009.0,synlethdb
CIT,2009.0,,2009.0,synlethdb
CKAP5,2009.0,,2009.0,synlethdb
CLK3,2016.0,,2016.0,synlethdb
CLPX,2009.0,2018.0,2009.0,synlethdb
CMAS,2013.0,,2013.0,synlethdb
CNOT1,2009.0,2009.0,2009.0,synlethdb
CNTRL,2013.0,2018.0,2013.0,synlethdb
COL11A1,2009.0,2018.0,2009.0,synlethdb
COPE,2017.0,2017.0,2017.0,synlethdb
COPS2,2009.0,2009.0,2009.0,synlethdb
COPS3,2009.0,2015.0,2009.0,synlethdb
COPS4,2009.0,2009.0,2009.0,synlethdb
COPS5,2009.0,2009.0,2009.0,synlethdb
COPS8,2009.0,2009.0,2009.0,synlethdb
COQ2,2019.0,2019.0,2019.0,synlethdb
COX6C,2017.0,2017.0,2017.0,synlethdb
CPNE1,2009.0,,2009.0,synlethdb
CPSF1,2010.0,2015.0,2010.0,synlethdb
CSF1R,2010.0,,2010.0,synlethdb
CSK,2009.0,2018.0,2009.0,synlethdb
CSNK2A2,2013.0,2018.0,2013.0,synlethdb
CSRNP1,2009.0,2009.0,2009.0,synlethdb
CTDSPL,2010.0,2018.0,2010.0,synlethdb
CUL5,2009.0,2018.0,2009.0,synlethdb
CXCL10,2012.0,2018.0,2012.0,synlethdb
CYLD,2009.0,2015.0,2009.0,synlethdb
CYP24A1,2013.0,2018.0,2013.0,synlethdb
CYP2J2,2013.0,2018.0,2013.0,synlethdb
DAP3,2013.0,,2013.0,synlethdb
DAPK2,2009.0,,2009.0,synlethdb
DAPK3,2013.0,,2013.0,synlethdb
DCK,2006.0,2018.0,2006.0,synlethdb
DCTN4,2009.0,2009.0,2009.0,synlethdb
DCXR,2009.0,,2009.0,synlethdb
DDR1,2010.0,,2010.0,synlethdb
DDR2,2016.0,,2016.0,synlethdb
DDX46,2009.0,2020.0,2009.0,synlethdb
DGKA,2009.0,,2009.0,synlethdb
DGKE,2016.0,2018.0,2016.0,synlethdb
DHFR,2009.0,2013.0,2009.0,synlethdb
DHX29,2012.0,2018.0,2012.0,synlethdb
DICER1,2009.0,,2009.0,synlethdb
DIDO1,2009.0,2009.0,2009.0,synlethdb
DIXDC1,2009.0,,2009.0,synlethdb
DLAT,2010.0,2018.0,2010.0,synlethdb
DLG4,2009.0,,2009.0,synlethdb
DNMT1,2013.0,,2013.0,synlethdb
DNTT,1985.0,,1985.0,synlethdb
DNTTIP1,2009.0,2009.0,2009.0,synlethdb
DONSON,2013.0,,2013.0,synlethdb
DSTYK,2009.0,,2009.0,synlethdb
DUSP16,2009.0,2015.0,2009.0,synlethdb
DUSP6,2013.0,,2013.0,synlethdb
EFCAB12,2009.0,2009.0,2009.0,synlethdb
EGFR,1985.0,2012.0,1985.0,synlethdb
EGLN3,2013.0,,2013.0,synlethdb
EIF2S1,2013.0,2017.0,2013.0,synlethdb
EIF3A,2009.0,2009.0,2009.0,synlethdb
EIF3G,2009.0,2009.0,2009.0,synlethdb
EIF4A1,2013.0,,2013.0,synlethdb
EIF4A3,2009.0,2009.0,2009.0,synlethdb
EIF4G1,2009.0,,2009.0,synlethdb
EIF4G2,2009.0,,2009.0,synlethdb
EIF5B,2017.0,2017.0,2017.0,synlethdb
ELMO1,2013.0,2018.0,2013.0,synlethdb
ELOVL3,2009.0,2018.0,2009.0,synlethdb
ELP4,2012.0,,2012.0,synlethdb
EMC7,2013.0,,2013.0,synlethdb
ENPP1,2013.0,,2013.0,synlethdb
EOLA1,2009.0,,2009.0,synlethdb
EP400,2013.0,2017.0,2013.0,synlethdb
EPHA1,2006.0,,2006.0,synlethdb
EPHB2,2017.0,2018.0,2017.0,synlethdb
EPRS1,2009.0,,2009.0,synlethdb
ERBB2,2017.0,2018.0,2017.0,synlethdb
ERBB3,2012.0,,2012.0,synlethdb
ERBB4,2016.0,,2016.0,synlethdb
ERBIN,2009.0,,2009.0,synlethdb
ERCC1,1985.0,,1985.0,synlethdb
ERCC2,2013.0,2017.0,2013.0,synlethdb
ERCC3,2013.0,2017.0,2013.0,synlethdb
ERGIC2,2009.0,2018.0,2009.0,synlethdb
ERH,2009.0,2009.0,2009.0,synlethdb
ERN1,2013.0,2014.0,2013.0,synlethdb
ERN2,2009.0,2018.0,2009.0,synlethdb
ETFBKMT,2009.0,,2009.0,synlethdb
EXOSC4,2009.0,2009.0,2009.0,synlethdb
FABP4,2009.0,,2009.0,synlethdb
FAM50A,2017.0,2017.0,2017.0,synlethdb
FANCA,2009.0,2009.0,2009.0,synlethdb
FANCD2,2009.0,2013.0,2009.0,synlethdb
FANCL,2013.0,2018.0,2013.0,synlethdb
FASTK,2013.0,,2013.0,synlethdb
FBXL2,2009.0,2018.0,2009.0,synlethdb
FBXO28,2009.0,,2009.0,synlethdb
FBXO5,2013.0,2017.0,2013.0,synlethdb
FBXW7,2005.0,2009.0,2005.0,synlethdb
FDPS,2017.0,2017.0,2017.0,synlethdb
FEN1,2013.0,2017.0,2013.0,synlethdb
FER,2009.0,,2009.0,synlethdb
FGD6,2012.0,2018.0,2012.0,synlethdb
FGFR2,2016.0,,2016.0,synlethdb
FGFR3,2017.0,,2017.0,synlethdb
FIP1L1,2009.0,,2009.0,synlethdb
FLT1,2009.0,,2009.0,synlethdb
FUZ,2013.0,2018.0,2013.0,synlethdb
FZD2,2010.0,2019.0,2010.0,synlethdb
GAPDH,2010.0,,2010.0,synlethdb
GAS2,2013.0,2018.0,2013.0,synlethdb
GAS2L2,2013.0,2018.0,2013.0,synlethdb
GATA3,2017.0,2018.0,2017.0,synlethdb
GATA6,2009.0,2009.0,2009.0,synlethdb
GEN1,2013.0,2018.0,2013.0,synlethdb
GMPS,2017.0,2017.0,2017.0,synlethdb
GNL3L,2009.0,2009.0,2009.0,synlethdb
GNPAT,2018.0,2018.0,2018.0,synlethdb
GNPNAT1,2012.0,2018.0,2012.0,synlethdb
GOSR1,2009.0,2015.0,2009.0,synlethdb
GOT2,2009.0,,2009.0,synlethdb
GPI,2017.0,2017.0,2017.0,synlethdb
GPN3,2009.0,,2009.0,synlethdb
GPRC5B,2012.0,2018.0,2012.0,synlethdb
GPSM2,2012.0,,2012.0,synlethdb
GPX1,2017.0,,2017.0,synlethdb
GPX4,2009.0,,2009.0,synlethdb
GRB2,2015.0,2015.0,2015.0,synlethdb
GRHL2,2009.0,2018.0,2009.0,synlethdb
GRK6,2009.0,,2009.0,synlethdb
GTF2A1L,2009.0,2018.0,2009.0,synlethdb
GTF2E2,2012.0,2017.0,2012.0,synlethdb
GTF2H1,1985.0,,1985.0,synlethdb
GTF2H4,2013.0,,2013.0,synlethdb
GTPBP4,2012.0,2017.0,2012.0,synlethdb
GZMB,2013.0,,2013.0,synlethdb
HAGH,2013.0,,2013.0,synlethdb
HBS1L,2009.0,,2009.0,synlethdb
HCAR1,2009.0,2009.0,2009.0,synlethdb
HCK,2009.0,2009.0,2009.0,synlethdb
HDAC1,2013.0,,2013.0,synlethdb
HDAC2,2013.0,,2013.0,synlethdb
HHATL,2009.0,2018.0,2009.0,synlethdb
HIGD2A,2009.0,2009.0,2009.0,synlethdb
HIPK1,2009.0,,2009.0,synlethdb
HK2,2013.0,,2013.0,synlethdb
HMGCR,2017.0,2017.0,2017.0,synlethdb
HNRNPC,2009.0,2009.0,2009.0,synlethdb
HRAS,2003.0,,2003.0,synlethdb
HSCB,2009.0,2017.0,2009.0,synlethdb
HSPA9,2009.0,2009.0,2009.0,synlethdb
HUS1,2013.0,,2013.0,synlethdb
HUWE1,2009.0,2009.0,2009.0,synlethdb
IAPP,2013.0,2018.0,2013.0,synlethdb
IARS1,2009.0,,2009.0,synlethdb
IARS2,2009.0,2009.0,2009.0,synlethdb
IBTK,2009.0,2009.0,2009.0,synlethdb
ICMT,2009.0,2017.0,2009.0,synlethdb
IFI16,2010.0,2018.0,2010.0,synlethdb
IGF1,1985.0,,1985.0,synlethdb
IGF1R,2013.0,,2013.0,synlethdb
ILK,2006.0,,2006.0,synlethdb
INTS3,2013.0,2017.0,2013.0,synlethdb
IPMK,2013.0,,2013.0,synlethdb
ITFG1,2009.0,2018.0,2009.0,synlethdb
JAK2,2017.0,2018.0,2017.0,synlethdb
JUN,2013.0,,2013.0,synlethdb
KALRN,2009.0,,2009.0,synlethdb
KARS1,2009.0,,2009.0,synlethdb
KBTBD4,2012.0,2018.0,2012.0,synlethdb
KCMF1,2009.0,2009.0,2009.0,synlethdb
KCNH7,2009.0,2009.0,2009.0,synlethdb
KCNQ4,2006.0,,2006.0,synlethdb
KCTD3,2009.0,2018.0,2009.0,synlethdb
KDM2A,2009.0,2009.0,2009.0,synlethdb
KDM3B,2009.0,2009.0,2009.0,synlethdb
KDM5B,2009.0,2013.0,2009.0,synlethdb
KDM6A,2017.0,2018.0,2017.0,synlethdb
KDR,1985.0,2016.0,1985.0,synlethdb
KIF11,2009.0,,2009.0,synlethdb
KIF14,2009.0,,2009.0,synlethdb
KIF2C,2009.0,2009.0,2009.0,synlethdb
KIN,2013.0,2017.0,2013.0,synlethdb
KIT,2009.0,,2009.0,synlethdb
KLHL8,2009.0,2018.0,2009.0,synlethdb
KMT2A,2009.0,2009.0,2009.0,synlethdb
KMT5B,2009.0,,2009.0,synlethdb
KPRP,2009.0,2009.0,2009.0,synlethdb
KRAS,2007.0,2009.0,2007.0,synlethdb
KRT32,2009.0,2009.0,2009.0,synlethdb
LAMA2,2012.0,2018.0,2012.0,synlethdb
LARS1,2017.0,,2017.0,synlethdb
LCK,2016.0,,2016.0,synlethdb
LEO1,2019.0,2018.0,2018.0,biogrid
LIG1,2013.0,,2013.0,synlethdb
LRRC59,2013.0,2018.0,2013.0,synlethdb
LSM12,2012.0,2019.0,2012.0,synlethdb
LTK,2009.0,2013.0,2009.0,synlethdb
MADD,2013.0,,2013.0,synlethdb
MAP2K1,2009.0,2013.0,2009.0,synlethdb
MAP2K5,2009.0,,2009.0,synlethdb
MAP2K7,2009.0,,2009.0,synlethdb
MAP3K1,2006.0,,2006.0,synlethdb
MAP3K10,2013.0,,2013.0,synlethdb
MAP3K5,2013.0,,2013.0,synlethdb
MAP3K7,2009.0,,2009.0,synlethdb
MAP3K8,2016.0,2019.0,2016.0,synlethdb
MAP4,1999.0,,1999.0,synlethdb
MAPK1,2013.0,2015.0,2013.0,synlethdb
MAPK12,1985.0,,1985.0,synlethdb
MAPK3,2013.0,,2013.0,synlethdb
MAPK8,2009.0,2018.0,2009.0,synlethdb
MAPK8IP1,2016.0,,2016.0,synlethdb
MAPKAP1,2009.0,,2009.0,synlethdb
MAPKAPK2,2009.0,,2009.0,synlethdb
MAPKAPK3,2009.0,,2009.0,synlethdb
MAPKAPK5,2009.0,2018.0,2009.0,synlethdb
MARCHF6,2013.0,,2013.0,synlethdb
MARS1,2017.0,,2017.0,synlethdb
MASTL,2009.0,2015.0,2009.0,synlethdb
MAX,2012.0,,2012.0,synlethdb
MCL1,2013.0,2016.0,2013.0,synlethdb
MDH2,2009.0,,2009.0,synlethdb
MDM2,1985.0,,1985.0,synlethdb
ME1,2013.0,,2013.0,synlethdb
MED22,2015.0,2012.0,2012.0,biogrid
MED23,2009.0,,2009.0,synlethdb
MED28,2013.0,,2013.0,synlethdb
MET,2016.0,,2016.0,synlethdb
METAP2,2009.0,2009.0,2009.0,synlethdb
MLH1,2013.0,,2013.0,synlethdb
MLH3,2013.0,,2013.0,synlethdb
MORC2,2012.0,2017.0,2012.0,synlethdb
MPDZ,2009.0,2009.0,2009.0,synlethdb
MPHOSPH6,2009.0,,2009.0,synlethdb
MRE11,2013.0,2021.0,2013.0,synlethdb
MRPL3,2009.0,,2009.0,synlethdb
MRPL37,2017.0,2017.0,2017.0,synlethdb
MRPL39,2009.0,,2009.0,synlethdb
MRPL46,2017.0,2017.0,2017.0,synlethdb
MRPS10,2013.0,,2013.0,synlethdb
MRPS11,2017.0,2017.0,2017.0,synlethdb
MRPS28,2013.0,,2013.0,synlethdb
MRPS30,2013.0,,2013.0,synlethdb
MRPS9,2018.0,2018.0,2018.0,synlethdb
MSH2,2009.0,2016.0,2009.0,synlethdb
MSH3,2013.0,2018.0,2013.0,synlethdb
MSH5,2013.0,,2013.0,synlethdb
MSH6,2013.0,,2013.0,synlethdb
MST1R,2016.0,,2016.0,synlethdb
MTBP,2009.0,,2009.0,synlethdb
MTG2,2013.0,2017.0,2013.0,synlethdb
MTOR,1985.0,2016.0,1985.0,synlethdb
MYC,2004.0,2012.0,2004.0,synlethdb
NAA10,2009.0,2009.0,2009.0,synlethdb
NAA15,2009.0,2009.0,2009.0,synlethdb
NAA50,2013.0,,2013.0,synlethdb
NACA,2012.0,,2012.0,synlethdb
NAE1,2009.0,2009.0,2009.0,synlethdb
NAMPT,2012.0,,2012.0,synlethdb
NBN,2013.0,2017.0,2013.0,synlethdb
NCAPD2,2009.0,2009.0,2009.0,synlethdb
NCOR1,2009.0,2012.0,2009.0,synlethdb
NDUFA9,2009.0,2009.0,2009.0,synlethdb
NDUFS1,2013.0,2017.0,2013.0,synlethdb
NDUFV2,2009.0,2018.0,2009.0,synlethdb
NEK1,2009.0,2009.0,2009.0,synlethdb
NFATC1,2010.0,,2010.0,synlethdb
NFE2L2,2013.0,2019.0,2013.0,synlethdb
NFYB,2012.0,2017.0,2012.0,synlethdb
NFYC,2013.0,,2013.0,synlethdb
NHP2,1985.0,2017.0,1985.0,synlethdb
NME3,2013.0,,2013.0,synlethdb
NME6,2013.0,,2013.0,synlethdb
NME7,2016.0,2018.0,2016.0,synlethdb
NOC2L,2017.0,2017.0,2017.0,synlethdb
NOL10,2009.0,,2009.0,synlethdb
NOL4,2009.0,2017.0,2009.0,synlethdb
NOL8,2009.0,2009.0,2009.0,synlethdb
NOLC1,2013.0,,2013.0,synlethdb
NOP10,2009.0,2009.0,2009.0,synlethdb
NOP56,2009.0,2009.0,2009.0,synlethdb
NOP58,2017.0,2017.0,2017.0,synlethdb
NOS2,2013.0,,2013.0,synlethdb
NPR2,2009.0,,2009.0,synlethdb
NR1I2,2006.0,,2006.0,synlethdb
NR5A1,2009.0,2009.0,2009.0,synlethdb
NRAS,2009.0,2017.0,2009.0,synlethdb
NRDC,2009.0,,2009.0,synlethdb
NSMCE1,2013.0,,2013.0,synlethdb
NTRK1,2010.0,,2010.0,synlethdb
NUMB,2009.0,2018.0,2009.0,synlethdb
NUP43,2009.0,,2009.0,synlethdb
NUP54,2013.0,,2013.0,synlethdb
NUP58,2013.0,,2013.0,synlethdb
ODC1,2009.0,2018.0,2009.0,synlethdb
OPA1,2013.0,,2013.0,synlethdb
OR2H2,2009.0,2009.0,2009.0,synlethdb
PAFAH1B1,2009.0,,2009.0,synlethdb
PAK1,2009.0,2018.0,2009.0,synlethdb
PALMD,2009.0,2018.0,2009.0,synlethdb
PANK2,2009.0,2018.0,2009.0,synlethdb
PARP1,1985.0,2016.0,1985.0,synlethdb
PARP2,1985.0,2017.0,1985.0,synlethdb
PATJ,2013.0,,2013.0,synlethdb
PCK1,2016.0,,2016.0,synlethdb
PCNT,2012.0,2017.0,2012.0,synlethdb
PDCD7,2013.0,,2013.0,synlethdb
PDGFRA,2010.0,,2010.0,synlethdb
PDHB,2009.0,,2009.0,synlethdb
PDSS2,2009.0,,2009.0,synlethdb
PFDN5,2013.0,2017.0,2013.0,synlethdb
PFKP,2017.0,2017.0,2017.0,synlethdb
PHF20L1,2015.0,2015.0,2015.0,synlethdb
PI4K2A,2009.0,2018.0,2009.0,synlethdb
PIK3CA,2015.0,2015.0,2015.0,synlethdb
PIK3CB,2017.0,2019.0,2017.0,synlethdb
PIK3R1,2016.0,,2016.0,synlethdb
PIK3R2,2016.0,,2016.0,synlethdb
PIM2,2009.0,,2009.0,synlethdb
PIN1,2009.0,2009.0,2009.0,synlethdb
PINK1,2009.0,2009.0,2009.0,synlethdb
PKD2,2013.0,,2013.0,synlethdb
PKLR,2016.0,2017.0,2016.0,synlethdb
PKN2,2006.0,,2006.0,synlethdb
PLEKHG4,2009.0,2018.0,2009.0,synlethdb
PLSCR1,2013.0,,2013.0,synlethdb
PLXDC1,2013.0,2018.0,2013.0,synlethdb
PMF1,2009.0,,2009.0,synlethdb
PMS1,2013.0,,2013.0,synlethdb
PMS2,1985.0,,1985.0,synlethdb
PMVK,2017.0,2017.0,2017.0,synlethdb
PNN,2017.0,2017.0,2017.0,synlethdb
POLA1,2009.0,2009.0,2009.0,synlethdb
POLB,2009.0,2018.0,2009.0,synlethdb
POLD1,1985.0,,1985.0,synlethdb
POLE,1985.0,2017.0,1985.0,synlethdb
POLE2,2017.0,2017.0,2017.0,synlethdb
POLG,2009.0,,2009.0,synlethdb
POLM,1985.0,2009.0,1985.0,synlethdb
POLN,2013.0,2018.0,2013.0,synlethdb
POLR2K,2015.0,2015.0,2015.0,synlethdb
POLR3A,2017.0,2017.0,2017.0,synlethdb
POLR3B,2009.0,2009.0,2009.0,synlethdb
POMC,2012.0,,2012.0,synlethdb
POT1,2013.0,2017.0,2013.0,synlethdb
POU2F1,2013.0,2018.0,2013.0,synlethdb
PPAT,2017.0,2017.0,2017.0,synlethdb
PPM1D,1985.0,,1985.0,synlethdb
PPP1CC,2017.0,2017.0,2017.0,synlethdb
PPP1R8,2009.0,2009.0,2009.0,synlethdb
PPP2R1B,2009.0,2018.0,2009.0,synlethdb
PPP2R5A,2016.0,2018.0,2016.0,synlethdb
PRKAA1,2007.0,,2007.0,synlethdb
PRKAA2,2013.0,2018.0,2013.0,synlethdb
PRKAB1,2012.0,,2012.0,synlethdb
PRKAR2B,2009.0,,2009.0,synlethdb
PRKCA,2008.0,2016.0,2008.0,synlethdb
PRKCD,2010.0,2014.0,2010.0,synlethdb
PRKCZ,2013.0,,2013.0,synlethdb
PRPF8,2012.0,2017.0,2012.0,synlethdb
PRPSAP1,2013.0,2015.0,2013.0,synlethdb
PSKH2,2009.0,2009.0,2009.0,synlethdb
PSMA1,2009.0,,2009.0,synlethdb
PSMA5,2009.0,2009.0,2009.0,synlethdb
PSMB6,2009.0,2009.0,2009.0,synlethdb
PSMC1,2013.0,,2013.0,synlethdb
PSMC2,2013.0,,2013.0,synlethdb
PSMC6,2013.0,,2013.0,synlethdb
PSMD12,2009.0,2009.0,2009.0,synlethdb
PSMD6,2009.0,,2009.0,synlethdb
PTEN,2012.0,2013.0,2012.0,synlethdb
PTH,2013.0,2018.0,2013.0,synlethdb
PTPRF,2006.0,2019.0,2006.0,synlethdb
PTPRZ1,2017.0,2018.0,2017.0,synlethdb
PWP1,2009.0,,2009.0,synlethdb
PXDC1,2009.0,2018.0,2009.0,synlethdb
PXDNL,2013.0,2018.0,2013.0,synlethdb
QARS1,2009.0,,2009.0,synlethdb
RAC1,2009.0,,2009.0,synlethdb
RAD1,2013.0,2017.0,2013.0,synlethdb
RAD23B,1985.0,2013.0,1985.0,synlethdb
RAD51,1985.0,2013.0,1985.0,synlethdb
RAD51AP1,2013.0,2017.0,2013.0,synlethdb
RAD54B,2013.0,,2013.0,synlethdb
RAD9A,1985.0,,1985.0,synlethdb
RAD9B,2009.0,2018.0,2009.0,synlethdb
RAF1,2013.0,2015.0,2013.0,synlethdb
RAG1,2009.0,2015.0,2009.0,synlethdb
RAP1GDS1,2009.0,2018.0,2009.0,synlethdb
RAPGEF1,2009.0,,2009.0,synlethdb
RB1,2001.0,2016.0,2001.0,synlethdb
RB1CC1,2012.0,2019.0,2012.0,synlethdb
RBBP8,2013.0,2014.0,2013.0,synlethdb
RECQL,2013.0,2018.0,2013.0,synlethdb
RELA,1985.0,,1985.0,synlethdb
RELN,2009.0,2009.0,2009.0,synlethdb
RERG,2013.0,2015.0,2013.0,synlethdb
RET,2010.0,,2010.0,synlethdb
RFC4,2013.0,,2013.0,synlethdb
RFC5,2006.0,2017.0,2006.0,synlethdb
RFWD3,2013.0,2015.0,2013.0,synlethdb
RGP1,2009.0,2009.0,2009.0,synlethdb
RLF,2009.0,2009.0,2009.0,synlethdb
RNASEL,2006.0,,2006.0,synlethdb
RNF130,2009.0,2018.0,2009.0,synlethdb
RNF20,2009.0,,2009.0,synlethdb
RNF40,2009.0,2009.0,2009.0,synlethdb
RO60,2010.0,,2010.0,synlethdb
RPA1,2013.0,,2013.0,synlethdb
RPA3,2013.0,,2013.0,synlethdb
RPE,2013.0,2017.0,2013.0,synlethdb
RPF1,2009.0,2009.0,2009.0,synlethdb
RPF2,2009.0,2009.0,2009.0,synlethdb
RPL10,2017.0,2017.0,2017.0,synlethdb
RPL13,2009.0,,2009.0,synlethdb
RPL3,2019.0,2019.0,2019.0,synlethdb
RPL30,2009.0,,2009.0,synlethdb
RPL32,2017.0,2017.0,2017.0,synlethdb
RPL35,2009.0,,2009.0,synlethdb
RPL36A,2010.0,,2010.0,synlethdb
RPL5,2010.0,,2010.0,synlethdb
RPP38,2009.0,,2009.0,synlethdb
RPS18,2017.0,2017.0,2017.0,synlethdb
RPS6,2017.0,2017.0,2017.0,synlethdb
RPS6KA2,2017.0,2018.0,2017.0,synlethdb
RPS6KA5,2016.0,2017.0,2016.0,synlethdb
RPS6KB1,2016.0,,2016.0,synlethdb
RPS6KB2,2013.0,,2013.0,synlethdb
RPS6KL1,2009.0,,2009.0,synlethdb
RPTOR,2017.0,2017.0,2017.0,synlethdb
RRM1,1985.0,2014.0,1985.0,synlethdb
RRM2,2013.0,2020.0,2013.0,synlethdb
SAE1,2009.0,2009.0,2009.0,synlethdb
SAP18,2017.0,2017.0,2017.0,synlethdb
SCNN1G,2013.0,2018.0,2013.0,synlethdb
SEH1L,2009.0,2017.0,2009.0,synlethdb
SESN2,1985.0,,1985.0,synlethdb
SGIP1,2013.0,2018.0,2013.0,synlethdb
SGK2,2012.0,,2012.0,synlethdb
SH2D3A,2009.0,2009.0,2009.0,synlethdb
SHC1,2015.0,2015.0,2015.0,synlethdb
SHOC1,2009.0,,2009.0,synlethdb
SIT1,2013.0,2018.0,2013.0,synlethdb
SKP2,2016.0,,2016.0,synlethdb
SLC22A2,2010.0,2018.0,2010.0,synlethdb
SLC25A12,2013.0,2018.0,2013.0,synlethdb
SLC2A2,2009.0,2018.0,2009.0,synlethdb
SLC35A1,2015.0,2015.0,2015.0,synlethdb
SLC35G2,2009.0,2018.0,2009.0,synlethdb
SMAD4,2006.0,,2006.0,synlethdb
SMARCA4,2017.0,2019.0,2017.0,synlethdb
SMC1A,2012.0,2017.0,2012.0,synlethdb
SMC3,2012.0,2017.0,2012.0,synlethdb
SMC6,2013.0,2017.0,2013.0,synlethdb
SMNDC1,2013.0,2017.0,2013.0,synlethdb
SMO,2006.0,,2006.0,synlethdb
SNAI2,2013.0,,2013.0,synlethdb
SNRNP200,2009.0,2013.0,2009.0,synlethdb
SNRNP70,2015.0,2015.0,2015.0,synlethdb
SNRPC,2009.0,,2009.0,synlethdb
SNRPF,2012.0,2013.0,2012.0,synlethdb
SNX10,2009.0,2018.0,2009.0,synlethdb
SNX2,2009.0,2009.0,2009.0,synlethdb
SNX24,2013.0,2018.0,2013.0,synlethdb
SOD1,2013.0,2017.0,2013.0,synlethdb
SPDL1,2015.0,2015.0,2015.0,synlethdb
SPHK1,2009.0,,2009.0,synlethdb
SRC,2016.0,,2016.0,synlethdb
SSBP1,1985.0,2015.0,1985.0,synlethdb
STK17A,2009.0,,2009.0,synlethdb
STK33,2009.0,2018.0,2009.0,synlethdb
STMN1,2009.0,,2009.0,synlethdb
STX3,2013.0,2018.0,2013.0,synlethdb
SUMO3,2012.0,2018.0,2012.0,synlethdb
SYT14,2009.0,2018.0,2009.0,synlethdb
SYT16,2012.0,,2012.0,synlethdb
SYTL2,2009.0,2009.0,2009.0,synlethdb
SYVN1,2017.0,2017.0,2017.0,synlethdb
TAF1,2009.0,2013.0,2009.0,synlethdb
TBC1D12,2013.0,2018.0,2013.0,synlethdb
TBCB,2015.0,2015.0,2015.0,synlethdb
TCERG1,2009.0,2019.0,2009.0,synlethdb
TCOF1,2009.0,,2009.0,synlethdb
TDP1,2009.0,2018.0,2009.0,synlethdb
TEAD2,2009.0,2009.0,2009.0,synlethdb
TGIF2,2009.0,2009.0,2009.0,synlethdb
TIMM22,2009.0,2009.0,2009.0,synlethdb
TK1,2013.0,,2013.0,synlethdb
TKT,2017.0,2017.0,2017.0,synlethdb
TLE1,2010.0,2018.0,2010.0,synlethdb
TMEM126B,2012.0,2015.0,2012.0,synlethdb
TMEM248,2009.0,2009.0,2009.0,synlethdb
TNFAIP3,2013.0,2018.0,2013.0,synlethdb
TNFRSF10B,1985.0,,1985.0,synlethdb
TNFRSF10D,2013.0,2019.0,2013.0,synlethdb
TNFRSF19,2013.0,2015.0,2013.0,synlethdb
TOP1,2012.0,2016.0,2012.0,synlethdb
TOP2A,2001.0,2012.0,2001.0,synlethdb
TP53,1999.0,2012.0,1999.0,synlethdb
TRAF5,2013.0,2018.0,2013.0,synlethdb
TRIB3,2013.0,,2013.0,synlethdb
TRIM36,2009.0,2009.0,2009.0,synlethdb
TRIP11,2010.0,2018.0,2010.0,synlethdb
TRMT5,2009.0,,2009.0,synlethdb
TSEN2,2012.0,,2012.0,synlethdb
TST,2012.0,,2012.0,synlethdb
TTBK2,2009.0,2018.0,2009.0,synlethdb
TTC3,2009.0,2018.0,2009.0,synlethdb
TTI2,2017.0,2017.0,2017.0,synlethdb
TTPAL,2009.0,2009.0,2009.0,synlethdb
TUBB,2019.0,2020.0,2019.0,synlethdb
TUBB1,2006.0,,2006.0,synlethdb
TUBGCP3,2009.0,2017.0,2009.0,synlethdb
TUBGCP4,2009.0,2009.0,2009.0,synlethdb
TYMS,2006.0,,2006.0,synlethdb
TYRO3,2009.0,,2009.0,synlethdb
UBA1,2009.0,2009.0,2009.0,synlethdb
UBA2,2009.0,2012.0,2009.0,synlethdb
UBA3,2013.0,,2013.0,synlethdb
UBC,2009.0,,2009.0,synlethdb
UBE2B,2013.0,2018.0,2013.0,synlethdb
UBE2D3,2013.0,2015.0,2013.0,synlethdb
UBE2H,2013.0,2017.0,2013.0,synlethdb
UBE2I,2009.0,2009.0,2009.0,synlethdb
UBE2J1,2013.0,2017.0,2013.0,synlethdb
UBE2L6,2012.0,2017.0,2012.0,synlethdb
UBE2N,2013.0,2017.0,2013.0,synlethdb
UBE2O,2009.0,2012.0,2009.0,synlethdb
UHRF2,2009.0,2009.0,2009.0,synlethdb
UIMC1,2013.0,2019.0,2013.0,synlethdb
ULK2,2013.0,,2013.0,synlethdb
UMPS,2012.0,2012.0,2012.0,synlethdb
UNG,1985.0,,1985.0,synlethdb
UQCR10,2009.0,2009.0,2009.0,synlethdb
USP1,1985.0,2012.0,1985.0,synlethdb
USP30,2009.0,2009.0,2009.0,synlethdb
USP33,2012.0,2012.0,2012.0,synlethdb
USP39,2009.0,2017.0,2009.0,synlethdb
USP9Y,2009.0,2009.0,2009.0,synlethdb
VEGFA,2017.0,,2017.0,synlethdb
VHL,2006.0,,2006.0,synlethdb
VPS4A,2013.0,2020.0,2013.0,synlethdb
VRK1,2016.0,2019.0,2016.0,synlethdb
VRK2,2012.0,2018.0,2012.0,synlethdb
VRK3,2009.0,,2009.0,synlethdb
WARS2,2017.0,2017.0,2017.0,synlethdb
WDR13,2013.0,2017.0,2013.0,synlethdb
WDR36,2009.0,2009.0,2009.0,synlethdb
WDR47,2012.0,2017.0,2012.0,synlethdb
WDR77,2013.0,,2013.0,synlethdb
WDR83,2009.0,2009.0,2009.0,synlethdb
WEE1,2013.0,2016.0,2013.0,synlethdb
WNT5A,2010.0,,2010.0,synlethdb
WRAP53,1985.0,2017.0,1985.0,synlethdb
XIAP,2013.0,2013.0,2013.0,synlethdb
XPO1,2009.0,2009.0,2009.0,synlethdb
XRCC2,1985.0,,1985.0,synlethdb
YTHDC1,2017.0,2017.0,2017.0,synlethdb
ZC3H18,2009.0,2009.0,2009.0,synlethdb
ZGPAT,2009.0,2009.0,2009.0,synlethdb
ZIM3,2013.0,2018.0,2013.0,synlethdb
ZNF511,2013.0,,2013.0,synlethdb
ZNF566,2013.0,2018.0,2013.0,synlethdb
ZNHIT6,2017.0,2017.0,2017.0,synlethdb
