method,cutoff,n_train_pos,n_test_pos,auroc_merged,ci_lo,ci_hi,auroc_original,delta
PPI_GBM,2012,416.0,272,0.9137,0.9015,0.9257,0.9125,0.0012
CRISPR_Only,2012,416.0,272,0.6456,0.6085,0.6819,0.6406,0.005
Fusion,2012,416.0,272,0.9122,0.9008,0.923,0.9134,-0.0012
PPI_GBM,2014,592.0,96,0.9065,0.8915,0.9218,0.9107,-0.0042
CRISPR_Only,2014,592.0,96,0.6824,0.6267,0.7357,0.6891,-0.0067
Fusion,2014,592.0,96,0.9148,0.9008,0.9281,0.9138,0.001
PPI_GBM,2016,630.0,58,0.9015,0.8848,0.9171,0.9015,0.0
CRISPR_Only,2016,630.0,58,0.7285,0.6668,0.7878,0.7285,0.0
Fusion,2016,630.0,58,0.9117,0.8956,0.9267,0.9117,0.0
PPI_Proximity,2012,,272,0.8869,0.8641,0.9078,0.8871,-0.0002
SLant,2012,,272,0.5816,0.5499,0.6106,0.5805,0.0011
PPI_Proximity,2014,,96,0.8949,0.8607,0.9233,0.8953,-0.0004
SLant,2014,,96,0.5571,0.5165,0.5989,0.5543,0.0028
PPI_Proximity,2016,,58,0.8832,0.8359,0.9177,0.8832,0.0
SLant,2016,,58,0.5463,0.4913,0.6006,0.5463,0.0
SINaTRA,2012,416.0,272,0.9718,0.9662,0.9768,0.9719,-0.0001
SINaTRA,2014,592.0,96,0.9752,0.9686,0.9814,0.9754,-0.0002
SINaTRA,2016,630.0,58,0.9752,0.9682,0.9817,0.9752,0.0
