gene,shipped_year,biogrid_year,humansl_direct_year,merged3_year
AATF,2013.0,,2013.0,2013.0
ABCB5,2009.0,2009.0,2009.0,2009.0
ABCG2,2006.0,2018.0,2006.0,2006.0
ABL1,2010.0,,2010.0,2010.0
ACTR10,2009.0,,2009.0,2009.0
ACTR2,2009.0,2009.0,2009.0,2009.0
ACVRL1,2009.0,2009.0,2009.0,2009.0
ACY1,2017.0,2019.0,2017.0,2017.0
ADK,2016.0,2018.0,2016.0,2016.0
AEBP2,2009.0,2018.0,2009.0,2009.0
AKR1C3,2012.0,2018.0,2012.0,2012.0
AKT1,2013.0,2018.0,2013.0,2013.0
AKT2,2013.0,,2013.0,2013.0
AKT3,2016.0,,2016.0,2016.0
ALAD,2013.0,,2013.0,2013.0
ALDH5A1,2013.0,,2013.0,2013.0
ALDOA,2017.0,2017.0,2017.0,2017.0
ALKBH3,2009.0,2009.0,2009.0,2009.0
ALPK1,2006.0,,2006.0,2006.0
ANKZF1,2013.0,,2013.0,2013.0
AP4E1,2009.0,2018.0,2009.0,2009.0
APEX2,2013.0,,2013.0,2013.0
APOC1,2009.0,2019.0,2009.0,2009.0
ARF4,2009.0,,2009.0,2009.0
ARF5,2016.0,2018.0,2016.0,2016.0
ARHGEF2,2006.0,,2006.0,2006.0
ARHGEF35,2013.0,2017.0,2013.0,2013.0
ARID1B,2009.0,2009.0,2009.0,2009.0
ARPC2,2009.0,2009.0,2009.0,2009.0
ARPC3,2009.0,2009.0,2009.0,2009.0
ASCC3,2009.0,,2009.0,2009.0
ASPM,2006.0,2017.0,2006.0,2006.0
ATM,1985.0,2014.0,1985.0,1985.0
ATP11B,2012.0,2018.0,2012.0,2012.0
ATP5F1B,2013.0,,2013.0,2013.0
ATP5PO,2012.0,,2012.0,2012.0
ATP6V0D2,2013.0,2017.0,2013.0,2013.0
ATP6V1G1,2017.0,2017.0,2017.0,2017.0
ATR,2009.0,2012.0,2009.0,2009.0
ATXN1L,2009.0,2018.0,2009.0,2009.0
AURKA,2006.0,,2006.0,2006.0
AURKB,2013.0,,2013.0,2013.0
AXL,2016.0,,2016.0,2016.0
BAG5,2013.0,2018.0,2013.0,2013.0
BARD1,2012.0,2017.0,2012.0,2012.0
BCKDK,2006.0,,2006.0,2006.0
BCL2,2006.0,,2006.0,2006.0
BCL2L1,2009.0,2017.0,2009.0,2009.0
BCL2L11,2013.0,2018.0,2013.0,2013.0
BCL2L2,2013.0,,2013.0,2013.0
BCORL1,2009.0,2009.0,2009.0,2009.0
BCR,2010.0,,2010.0,2010.0
BID,1985.0,,1985.0,1985.0
BIRC5,2003.0,2017.0,2003.0,2003.0
BNIP1,2013.0,,2013.0,2013.0
BOD1L1,2012.0,,2012.0,2012.0
BRAF,2012.0,2013.0,2012.0,2012.0
BRCA1,1985.0,2014.0,1985.0,1985.0
BRCA2,2009.0,2014.0,2009.0,2009.0
BRD2,2016.0,,2016.0,2016.0
BRD4,2013.0,2015.0,2013.0,2013.0
BTK,2013.0,,2013.0,2013.0
BUB1,2006.0,,2006.0,2006.0
BUB1B,2015.0,2015.0,2015.0,2015.0
BUB3,2009.0,2017.0,2009.0,2009.0
C12ORF75,,,,
C1ORF21,,,,
C9ORF43,,,,
CALM1,2009.0,,2009.0,2009.0
CAMK1,2009.0,2018.0,2009.0,2009.0
CAMK1D,2009.0,,2009.0,2009.0
CAMK2B,2010.0,,2010.0,2010.0
CAMK2D,2009.0,,2009.0,2009.0
CAMK2G,2010.0,,2010.0,2010.0
CAPN3,2009.0,2018.0,2009.0,2009.0
CAPZB,2009.0,,2009.0,2009.0
CARHSP1,2009.0,2018.0,2009.0,2009.0
CARM1,2009.0,2009.0,2009.0,2009.0
CARS1,2006.0,,2006.0,2006.0
CASP5,2013.0,2018.0,2013.0,2013.0
CASP6,2013.0,2018.0,2013.0,2013.0
CASP8,2013.0,,2013.0,2013.0
CASQ1,2009.0,2018.0,2009.0,2009.0
CCT8,2009.0,2017.0,2009.0,2009.0
CDC16,2009.0,2009.0,2009.0,2009.0
CDC23,2017.0,2017.0,2017.0,2017.0
CDC25A,2013.0,2019.0,2013.0,2013.0
CDC25B,2009.0,,2009.0,2009.0
CDC27,2009.0,2009.0,2009.0,2009.0
CDC73,2009.0,2009.0,2009.0,2009.0
CDCA8,2009.0,2009.0,2009.0,2009.0
CDH1,2012.0,,2012.0,2012.0
CDH19,2015.0,2015.0,2015.0,2015.0
CDK1,2013.0,2017.0,2013.0,2013.0
CDK13,2009.0,,2009.0,2009.0
CDK2,1985.0,2010.0,1985.0,1985.0
CDK4,1985.0,,1985.0,1985.0
CDK6,1985.0,,1985.0,1985.0
CDK7,2013.0,,2013.0,2013.0
CDK8,2016.0,,2016.0,2016.0
CDK9,2009.0,2016.0,2009.0,2009.0
CDKL3,2009.0,2009.0,2009.0,2009.0
CDKN1A,2013.0,,2013.0,2013.0
CDKN1B,2013.0,2016.0,2013.0,2013.0
CDKN2A,2009.0,,2009.0,2009.0
CDR2,2013.0,2015.0,2013.0,2013.0
CENPK,2017.0,2017.0,2017.0,2017.0
CETN2,1985.0,2018.0,1985.0,1985.0
CFTR,2013.0,2018.0,2013.0,2013.0
CHAF1B,2013.0,2017.0,2013.0,2013.0
CHD1,2012.0,,2012.0,2012.0
CHEK1,2006.0,2016.0,2013.0,2006.0
CHEK2,2013.0,2016.0,2013.0,2013.0
CHN1,2009.0,2009.0,2009.0,2009.0
CIT,2009.0,,2009.0,2009.0
CKAP5,2009.0,,2009.0,2009.0
CLK3,2016.0,,2016.0,2016.0
CLPX,2009.0,2018.0,2009.0,2009.0
CMAS,2013.0,,2013.0,2013.0
CNOT1,2009.0,2009.0,2009.0,2009.0
CNTRL,2013.0,2018.0,2013.0,2013.0
COL11A1,2009.0,2018.0,2009.0,2009.0
COPE,2017.0,2017.0,2017.0,2017.0
COPS2,2009.0,2009.0,2009.0,2009.0
COPS3,2009.0,2015.0,2009.0,2009.0
COPS4,2009.0,2009.0,2009.0,2009.0
COPS5,2009.0,2009.0,2009.0,2009.0
COPS8,2009.0,2009.0,2009.0,2009.0
COQ2,2019.0,2019.0,2019.0,2019.0
COX6C,2017.0,2017.0,2017.0,2017.0
CPNE1,2009.0,,2009.0,2009.0
CPSF1,2010.0,2015.0,2010.0,2010.0
CSF1R,2010.0,,2010.0,2010.0
CSK,2009.0,2018.0,2009.0,2009.0
CSNK2A2,2013.0,2018.0,2013.0,2013.0
CSRNP1,2009.0,2009.0,2009.0,2009.0
CTDSPL,2010.0,2018.0,2010.0,2010.0
CUL5,2009.0,2018.0,2009.0,2009.0
CXCL10,2012.0,2018.0,2012.0,2012.0
CYLD,2009.0,2015.0,2009.0,2009.0
CYP24A1,2013.0,2018.0,2013.0,2013.0
CYP2J2,2013.0,2018.0,2013.0,2013.0
DAP3,2013.0,,2013.0,2013.0
DAPK2,2009.0,,2009.0,2009.0
DAPK3,2013.0,,2013.0,2013.0
DCK,2006.0,2018.0,2006.0,2006.0
DCTN4,2009.0,2009.0,2009.0,2009.0
DCXR,2009.0,,2009.0,2009.0
DDR1,2010.0,,2010.0,2010.0
DDR2,2016.0,,2016.0,2016.0
DDX46,2009.0,2020.0,2009.0,2009.0
DGKA,2009.0,,2009.0,2009.0
DGKE,2016.0,2018.0,2016.0,2016.0
DHFR,2009.0,2013.0,2009.0,2009.0
DHX29,2012.0,2018.0,2012.0,2012.0
DICER1,2009.0,,2009.0,2009.0
DIDO1,2009.0,2009.0,2009.0,2009.0
DIXDC1,2009.0,,2009.0,2009.0
DLAT,2010.0,2018.0,2010.0,2010.0
DLG4,2009.0,,2009.0,2009.0
DNMT1,2013.0,,2013.0,2013.0
DNTT,1985.0,,1985.0,1985.0
DNTTIP1,2009.0,2009.0,2009.0,2009.0
DONSON,2013.0,,2013.0,2013.0
DSTYK,2009.0,,2009.0,2009.0
DUSP16,2009.0,2015.0,2009.0,2009.0
DUSP6,2013.0,,2013.0,2013.0
EFCAB12,2009.0,2009.0,2009.0,2009.0
EGFR,1985.0,2012.0,1985.0,1985.0
EGLN3,2013.0,,2013.0,2013.0
EIF2S1,2013.0,2017.0,2013.0,2013.0
EIF3A,2009.0,2009.0,2009.0,2009.0
EIF3G,2009.0,2009.0,2009.0,2009.0
EIF4A1,2013.0,,2013.0,2013.0
EIF4A3,2009.0,2009.0,2009.0,2009.0
EIF4G1,2009.0,,2009.0,2009.0
EIF4G2,2009.0,,2009.0,2009.0
EIF5B,2017.0,2017.0,2017.0,2017.0
ELMO1,2013.0,2018.0,2013.0,2013.0
ELOVL3,2009.0,2018.0,2009.0,2009.0
ELP4,2012.0,,2012.0,2012.0
EMC7,2013.0,,2013.0,2013.0
ENPP1,2013.0,,2013.0,2013.0
EOLA1,2009.0,,2009.0,2009.0
EP400,2013.0,2017.0,2013.0,2013.0
EPHA1,2006.0,,2006.0,2006.0
EPHB2,2017.0,2018.0,2017.0,2017.0
EPRS1,2009.0,,2009.0,2009.0
ERBB2,2017.0,2018.0,2017.0,2017.0
ERBB3,2012.0,,2012.0,2012.0
ERBB4,2016.0,,2016.0,2016.0
ERBIN,2009.0,,2009.0,2009.0
ERCC1,1985.0,,1985.0,1985.0
ERCC2,2013.0,2017.0,2013.0,2013.0
ERCC3,2013.0,2017.0,2013.0,2013.0
ERGIC2,2009.0,2018.0,2009.0,2009.0
ERH,2009.0,2009.0,2009.0,2009.0
ERN1,2013.0,2014.0,2013.0,2013.0
ERN2,2009.0,2018.0,2009.0,2009.0
ETFBKMT,2009.0,,2009.0,2009.0
EXOSC4,2009.0,2009.0,2009.0,2009.0
FABP4,2009.0,,2009.0,2009.0
FAM50A,2017.0,2017.0,2017.0,2017.0
FANCA,2009.0,2009.0,2009.0,2009.0
FANCD2,2009.0,2013.0,2009.0,2009.0
FANCL,2013.0,2018.0,2013.0,2013.0
FASTK,2013.0,,2013.0,2013.0
FBXL2,2009.0,2018.0,2009.0,2009.0
FBXO28,2009.0,,2009.0,2009.0
FBXO5,2013.0,2017.0,2013.0,2013.0
FBXW7,2005.0,2009.0,2005.0,2005.0
FDPS,2017.0,2017.0,2017.0,2017.0
FEN1,2013.0,2017.0,2013.0,2013.0
FER,2009.0,,2009.0,2009.0
FGD6,2012.0,2018.0,2012.0,2012.0
FGFR2,2016.0,,2016.0,2016.0
FGFR3,2017.0,,2017.0,2017.0
FIP1L1,2009.0,,2009.0,2009.0
FLT1,2009.0,,2009.0,2009.0
FUZ,2013.0,2018.0,2013.0,2013.0
FZD2,2010.0,2019.0,2010.0,2010.0
GAPDH,2010.0,,2010.0,2010.0
GAS2,2013.0,2018.0,2013.0,2013.0
GAS2L2,2013.0,2018.0,2013.0,2013.0
GATA3,2017.0,2018.0,2017.0,2017.0
GATA6,2009.0,2009.0,2009.0,2009.0
GEN1,2013.0,2018.0,2013.0,2013.0
GMPS,2017.0,2017.0,2017.0,2017.0
GNL3L,2009.0,2009.0,2009.0,2009.0
GNPAT,2018.0,2018.0,2018.0,2018.0
GNPNAT1,2012.0,2018.0,2012.0,2012.0
GOSR1,2009.0,2015.0,2009.0,2009.0
GOT2,2009.0,,2009.0,2009.0
GPI,2017.0,2017.0,2017.0,2017.0
GPN3,2009.0,,2009.0,2009.0
GPRC5B,2012.0,2018.0,2012.0,2012.0
GPSM2,2012.0,,2012.0,2012.0
GPX1,2017.0,,2017.0,2017.0
GPX4,2009.0,,2009.0,2009.0
GRB2,2015.0,2015.0,2015.0,2015.0
GRHL2,2009.0,2018.0,2009.0,2009.0
GRK6,2009.0,,2009.0,2009.0
GTF2A1L,2009.0,2018.0,2009.0,2009.0
GTF2E2,2012.0,2017.0,2012.0,2012.0
GTF2H1,1985.0,,1985.0,1985.0
GTF2H4,2013.0,,2013.0,2013.0
GTPBP4,2012.0,2017.0,2012.0,2012.0
GZMB,2013.0,,2013.0,2013.0
HAGH,2013.0,,2013.0,2013.0
HBS1L,2009.0,,2009.0,2009.0
HCAR1,2009.0,2009.0,2009.0,2009.0
HCK,2009.0,2009.0,2009.0,2009.0
HDAC1,2013.0,,2013.0,2013.0
HDAC2,2013.0,,2013.0,2013.0
HHATL,2009.0,2018.0,2009.0,2009.0
HIGD2A,2009.0,2009.0,2009.0,2009.0
HIPK1,2009.0,,2009.0,2009.0
HK2,2013.0,,2013.0,2013.0
HMGCR,2017.0,2017.0,2017.0,2017.0
HNRNPC,2009.0,2009.0,2009.0,2009.0
HRAS,2003.0,,2003.0,2003.0
HSCB,2009.0,2017.0,2009.0,2009.0
HSPA9,2009.0,2009.0,2009.0,2009.0
HUS1,2013.0,,2013.0,2013.0
HUWE1,2009.0,2009.0,2009.0,2009.0
IAPP,2013.0,2018.0,2013.0,2013.0
IARS1,2009.0,,2009.0,2009.0
IARS2,2009.0,2009.0,2009.0,2009.0
IBTK,2009.0,2009.0,2009.0,2009.0
ICMT,2009.0,2017.0,2009.0,2009.0
IFI16,2010.0,2018.0,2010.0,2010.0
IGF1,1985.0,,1985.0,1985.0
IGF1R,2013.0,,2013.0,2013.0
ILK,2006.0,,2006.0,2006.0
INTS3,2013.0,2017.0,2013.0,2013.0
IPMK,2013.0,,2013.0,2013.0
ITFG1,2009.0,2018.0,2009.0,2009.0
JAK2,2017.0,2018.0,2017.0,2017.0
JUN,2013.0,,2013.0,2013.0
KALRN,2009.0,,2009.0,2009.0
KARS1,2009.0,,2009.0,2009.0
KBTBD4,2012.0,2018.0,2012.0,2012.0
KCMF1,2009.0,2009.0,2009.0,2009.0
KCNH7,2009.0,2009.0,2009.0,2009.0
KCNQ4,2006.0,,2006.0,2006.0
KCTD3,2009.0,2018.0,2009.0,2009.0
KDM2A,2009.0,2009.0,2009.0,2009.0
KDM3B,2009.0,2009.0,2009.0,2009.0
KDM5B,2009.0,2013.0,2009.0,2009.0
KDM6A,2017.0,2018.0,2017.0,2017.0
KDR,1985.0,2016.0,1985.0,1985.0
KIF11,2009.0,,2009.0,2009.0
KIF14,2009.0,,2009.0,2009.0
KIF2C,2009.0,2009.0,2009.0,2009.0
KIN,2013.0,2017.0,2013.0,2013.0
KIT,2009.0,,2009.0,2009.0
KLHL8,2009.0,2018.0,2009.0,2009.0
KMT2A,2009.0,2009.0,2009.0,2009.0
KMT5B,2009.0,,2009.0,2009.0
KPRP,2009.0,2009.0,2009.0,2009.0
KRAS,2007.0,2009.0,2007.0,2007.0
KRT32,2009.0,2009.0,2009.0,2009.0
LAMA2,2012.0,2018.0,2012.0,2012.0
LARS1,2017.0,,2017.0,2017.0
LCK,2016.0,,2016.0,2016.0
LEO1,2019.0,2018.0,2019.0,2018.0
LIG1,2013.0,,2013.0,2013.0
LRRC59,2013.0,2018.0,2013.0,2013.0
LSM12,2012.0,2019.0,2012.0,2012.0
LTK,2009.0,2013.0,2009.0,2009.0
MADD,2013.0,,2013.0,2013.0
MAP2K1,2009.0,2013.0,2009.0,2009.0
MAP2K5,2009.0,,2009.0,2009.0
MAP2K7,2009.0,,2009.0,2009.0
MAP3K1,2006.0,,2006.0,2006.0
MAP3K10,2013.0,,2013.0,2013.0
MAP3K5,2013.0,,2013.0,2013.0
MAP3K7,2009.0,,2009.0,2009.0
MAP3K8,2016.0,2019.0,2016.0,2016.0
MAP4,1999.0,,1999.0,1999.0
MAPK1,2013.0,2015.0,2013.0,2013.0
MAPK12,1985.0,,1985.0,1985.0
MAPK3,2013.0,,2013.0,2013.0
MAPK8,2009.0,2018.0,2009.0,2009.0
MAPK8IP1,2016.0,,2016.0,2016.0
MAPKAP1,2009.0,,2009.0,2009.0
MAPKAPK2,2009.0,,2009.0,2009.0
MAPKAPK3,2009.0,,2009.0,2009.0
MAPKAPK5,2009.0,2018.0,2009.0,2009.0
MARCHF6,2013.0,,2013.0,2013.0
MARS1,2017.0,,2017.0,2017.0
MASTL,2009.0,2015.0,2009.0,2009.0
MAX,2012.0,,2012.0,2012.0
MCL1,2013.0,2016.0,2013.0,2013.0
MDH2,2009.0,,2009.0,2009.0
MDM2,1985.0,,1985.0,1985.0
ME1,2013.0,,2013.0,2013.0
MED22,2015.0,2012.0,2015.0,2012.0
MED23,2009.0,,2009.0,2009.0
MED28,2013.0,,2013.0,2013.0
MET,2016.0,,2016.0,2016.0
METAP2,2009.0,2009.0,2009.0,2009.0
MLH1,2013.0,,2013.0,2013.0
MLH3,2013.0,,2013.0,2013.0
MORC2,2012.0,2017.0,2012.0,2012.0
MPDZ,2009.0,2009.0,2009.0,2009.0
MPHOSPH6,2009.0,,2009.0,2009.0
MRE11,2013.0,2021.0,2013.0,2013.0
MRPL3,2009.0,,2009.0,2009.0
MRPL37,2017.0,2017.0,2017.0,2017.0
MRPL39,2009.0,,2009.0,2009.0
MRPL46,2017.0,2017.0,2017.0,2017.0
MRPS10,2013.0,,2013.0,2013.0
MRPS11,2017.0,2017.0,2017.0,2017.0
MRPS28,2013.0,,2013.0,2013.0
MRPS30,2013.0,,2013.0,2013.0
MRPS9,2018.0,2018.0,2018.0,2018.0
MSH2,2009.0,2016.0,2009.0,2009.0
MSH3,2013.0,2018.0,2013.0,2013.0
MSH5,2013.0,,2013.0,2013.0
MSH6,2013.0,,2013.0,2013.0
MST1R,2016.0,,2016.0,2016.0
MTBP,2009.0,,2009.0,2009.0
MTG2,2013.0,2017.0,2013.0,2013.0
MTOR,1985.0,2016.0,1985.0,1985.0
MYC,2004.0,2012.0,2004.0,2004.0
NAA10,2009.0,2009.0,2009.0,2009.0
NAA15,2009.0,2009.0,2009.0,2009.0
NAA50,2013.0,,2013.0,2013.0
NACA,2012.0,,2012.0,2012.0
NAE1,2009.0,2009.0,2009.0,2009.0
NAMPT,2012.0,,2012.0,2012.0
NBN,2013.0,2017.0,2013.0,2013.0
NCAPD2,2009.0,2009.0,2009.0,2009.0
NCOR1,2009.0,2012.0,2009.0,2009.0
NDUFA9,2009.0,2009.0,2009.0,2009.0
NDUFS1,2013.0,2017.0,2013.0,2013.0
NDUFV2,2009.0,2018.0,2009.0,2009.0
NEK1,2009.0,2009.0,2009.0,2009.0
NFATC1,2010.0,,2010.0,2010.0
NFE2L2,2013.0,2019.0,2013.0,2013.0
NFYB,2012.0,2017.0,2012.0,2012.0
NFYC,2013.0,,2013.0,2013.0
NHP2,1985.0,2017.0,1985.0,1985.0
NME3,2013.0,,2013.0,2013.0
NME6,2013.0,,2013.0,2013.0
NME7,2016.0,2018.0,2016.0,2016.0
NOC2L,2017.0,2017.0,2017.0,2017.0
NOL10,2009.0,,2009.0,2009.0
NOL4,2009.0,2017.0,2009.0,2009.0
NOL8,2009.0,2009.0,2009.0,2009.0
NOLC1,2013.0,,2013.0,2013.0
NOP10,2009.0,2009.0,2009.0,2009.0
NOP56,2009.0,2009.0,2009.0,2009.0
NOP58,2017.0,2017.0,2017.0,2017.0
NOS2,2013.0,,2013.0,2013.0
NPR2,2009.0,,2009.0,2009.0
NR1I2,2006.0,,2006.0,2006.0
NR5A1,2009.0,2009.0,2009.0,2009.0
NRAS,2009.0,2017.0,2009.0,2009.0
NRDC,2009.0,,2009.0,2009.0
NSMCE1,2013.0,,2013.0,2013.0
NTRK1,2010.0,,2010.0,2010.0
NUMB,2009.0,2018.0,2009.0,2009.0
NUP43,2009.0,,2009.0,2009.0
NUP54,2013.0,,2013.0,2013.0
NUP58,2013.0,,2013.0,2013.0
ODC1,2009.0,2018.0,2009.0,2009.0
OPA1,2013.0,,2013.0,2013.0
OR2H2,2009.0,2009.0,2009.0,2009.0
PAFAH1B1,2009.0,,2009.0,2009.0
PAK1,2009.0,2018.0,2009.0,2009.0
PALMD,2009.0,2018.0,2009.0,2009.0
PANK2,2009.0,2018.0,2009.0,2009.0
PARP1,1985.0,2016.0,1985.0,1985.0
PARP2,1985.0,2017.0,1985.0,1985.0
PATJ,2013.0,,2013.0,2013.0
PCK1,2016.0,,2016.0,2016.0
PCNT,2012.0,2017.0,2012.0,2012.0
PDCD7,2013.0,,2013.0,2013.0
PDGFRA,2010.0,,2010.0,2010.0
PDHB,2009.0,,2009.0,2009.0
PDSS2,2009.0,,2009.0,2009.0
PFDN5,2013.0,2017.0,2013.0,2013.0
PFKP,2017.0,2017.0,2017.0,2017.0
PHF20L1,2015.0,2015.0,2015.0,2015.0
PI4K2A,2009.0,2018.0,2009.0,2009.0
PIK3CA,2015.0,2015.0,2015.0,2015.0
PIK3CB,2017.0,2019.0,2017.0,2017.0
PIK3R1,2016.0,,2016.0,2016.0
PIK3R2,2016.0,,2016.0,2016.0
PIM2,2009.0,,2009.0,2009.0
PIN1,2009.0,2009.0,2009.0,2009.0
PINK1,2009.0,2009.0,2009.0,2009.0
PKD2,2013.0,,2013.0,2013.0
PKLR,2016.0,2017.0,2016.0,2016.0
PKN2,2006.0,,2006.0,2006.0
PLEKHG4,2009.0,2018.0,2009.0,2009.0
PLSCR1,2013.0,,2013.0,2013.0
PLXDC1,2013.0,2018.0,2013.0,2013.0
PMF1,2009.0,,2009.0,2009.0
PMS1,2013.0,,2013.0,2013.0
PMS2,1985.0,,1985.0,1985.0
PMVK,2017.0,2017.0,2017.0,2017.0
PNN,2017.0,2017.0,2017.0,2017.0
POLA1,2009.0,2009.0,2009.0,2009.0
POLB,2009.0,2018.0,2009.0,2009.0
POLD1,1985.0,,1985.0,1985.0
POLE,1985.0,2017.0,1985.0,1985.0
POLE2,2017.0,2017.0,2017.0,2017.0
POLG,2009.0,,2009.0,2009.0
POLM,1985.0,2009.0,1985.0,1985.0
POLN,2013.0,2018.0,2013.0,2013.0
POLR2K,2015.0,2015.0,2015.0,2015.0
POLR3A,2017.0,2017.0,2017.0,2017.0
POLR3B,2009.0,2009.0,2009.0,2009.0
POMC,2012.0,,2012.0,2012.0
POT1,2013.0,2017.0,2013.0,2013.0
POU2F1,2013.0,2018.0,2013.0,2013.0
PPAT,2017.0,2017.0,2017.0,2017.0
PPM1D,1985.0,,1985.0,1985.0
PPP1CC,2017.0,2017.0,2017.0,2017.0
PPP1R8,2009.0,2009.0,2009.0,2009.0
PPP2R1B,2009.0,2018.0,2009.0,2009.0
PPP2R5A,2016.0,2018.0,2016.0,2016.0
PRKAA1,2007.0,,2007.0,2007.0
PRKAA2,2013.0,2018.0,2013.0,2013.0
PRKAB1,2012.0,,2012.0,2012.0
PRKAR2B,2009.0,,2009.0,2009.0
PRKCA,2008.0,2016.0,2008.0,2008.0
PRKCD,2010.0,2014.0,2010.0,2010.0
PRKCZ,2013.0,,2013.0,2013.0
PRPF8,2012.0,2017.0,2012.0,2012.0
PRPSAP1,2013.0,2015.0,2013.0,2013.0
PSKH2,2009.0,2009.0,2009.0,2009.0
PSMA1,2009.0,,2009.0,2009.0
PSMA5,2009.0,2009.0,2009.0,2009.0
PSMB6,2009.0,2009.0,2009.0,2009.0
PSMC1,2013.0,,2013.0,2013.0
PSMC2,2013.0,,2013.0,2013.0
PSMC6,2013.0,,2013.0,2013.0
PSMD12,2009.0,2009.0,2009.0,2009.0
PSMD6,2009.0,,2009.0,2009.0
PTEN,2012.0,2013.0,2012.0,2012.0
PTH,2013.0,2018.0,2013.0,2013.0
PTPRF,2006.0,2019.0,2006.0,2006.0
PTPRZ1,2017.0,2018.0,2017.0,2017.0
PWP1,2009.0,,2009.0,2009.0
PXDC1,2009.0,2018.0,2009.0,2009.0
PXDNL,2013.0,2018.0,2013.0,2013.0
QARS1,2009.0,,2009.0,2009.0
RAC1,2009.0,,2009.0,2009.0
RAD1,2013.0,2017.0,2013.0,2013.0
RAD23B,1985.0,2013.0,1985.0,1985.0
RAD51,1985.0,2013.0,1985.0,1985.0
RAD51AP1,2013.0,2017.0,2013.0,2013.0
RAD54B,2013.0,,2013.0,2013.0
RAD9A,1985.0,,1985.0,1985.0
RAD9B,2009.0,2018.0,2009.0,2009.0
RAF1,2013.0,2015.0,2013.0,2013.0
RAG1,2009.0,2015.0,2009.0,2009.0
RAP1GDS1,2009.0,2018.0,2009.0,2009.0
RAPGEF1,2009.0,,2009.0,2009.0
RB1,2001.0,2016.0,2001.0,2001.0
RB1CC1,2012.0,2019.0,2012.0,2012.0
RBBP8,2013.0,2014.0,2013.0,2013.0
RECQL,2013.0,2018.0,2013.0,2013.0
RELA,1985.0,,1985.0,1985.0
RELN,2009.0,2009.0,2009.0,2009.0
RERG,2013.0,2015.0,2013.0,2013.0
RET,2010.0,,2010.0,2010.0
RFC4,2013.0,,2013.0,2013.0
RFC5,2006.0,2017.0,2006.0,2006.0
RFWD3,2013.0,2015.0,2013.0,2013.0
RGP1,2009.0,2009.0,2009.0,2009.0
RLF,2009.0,2009.0,2009.0,2009.0
RNASEL,2006.0,,2006.0,2006.0
RNF130,2009.0,2018.0,2009.0,2009.0
RNF20,2009.0,,2009.0,2009.0
RNF40,2009.0,2009.0,2009.0,2009.0
RO60,2010.0,,2010.0,2010.0
RPA1,2013.0,,2013.0,2013.0
RPA3,2013.0,,2013.0,2013.0
RPE,2013.0,2017.0,2013.0,2013.0
RPF1,2009.0,2009.0,2009.0,2009.0
RPF2,2009.0,2009.0,2009.0,2009.0
RPL10,2017.0,2017.0,2017.0,2017.0
RPL13,2009.0,,2009.0,2009.0
RPL3,2019.0,2019.0,2019.0,2019.0
RPL30,2009.0,,2009.0,2009.0
RPL32,2017.0,2017.0,2017.0,2017.0
RPL35,2009.0,,2009.0,2009.0
RPL36A,2010.0,,2010.0,2010.0
RPL5,2010.0,,2010.0,2010.0
RPP38,2009.0,,2009.0,2009.0
RPS18,2017.0,2017.0,2017.0,2017.0
RPS6,2017.0,2017.0,2017.0,2017.0
RPS6KA2,2017.0,2018.0,2017.0,2017.0
RPS6KA5,2016.0,2017.0,2016.0,2016.0
RPS6KB1,2016.0,,2016.0,2016.0
RPS6KB2,2013.0,,2013.0,2013.0
RPS6KL1,2009.0,,2009.0,2009.0
RPTOR,2017.0,2017.0,2017.0,2017.0
RRM1,1985.0,2014.0,1985.0,1985.0
RRM2,2013.0,2020.0,2013.0,2013.0
SAE1,2009.0,2009.0,2009.0,2009.0
SAP18,2017.0,2017.0,2017.0,2017.0
SCNN1G,2013.0,2018.0,2013.0,2013.0
SEH1L,2009.0,2017.0,2009.0,2009.0
SESN2,1985.0,,1985.0,1985.0
SGIP1,2013.0,2018.0,2013.0,2013.0
SGK2,2012.0,,2012.0,2012.0
SH2D3A,2009.0,2009.0,2009.0,2009.0
SHC1,2015.0,2015.0,2015.0,2015.0
SHOC1,2009.0,,2009.0,2009.0
SIT1,2013.0,2018.0,2013.0,2013.0
SKP2,2016.0,,2016.0,2016.0
SLC22A2,2010.0,2018.0,2010.0,2010.0
SLC25A12,2013.0,2018.0,2013.0,2013.0
SLC2A2,2009.0,2018.0,2009.0,2009.0
SLC35A1,2015.0,2015.0,2015.0,2015.0
SLC35G2,2009.0,2018.0,2009.0,2009.0
SMAD4,2006.0,,2006.0,2006.0
SMARCA4,2017.0,2019.0,2017.0,2017.0
SMC1A,2012.0,2017.0,2012.0,2012.0
SMC3,2012.0,2017.0,2012.0,2012.0
SMC6,2013.0,2017.0,2013.0,2013.0
SMNDC1,2013.0,2017.0,2013.0,2013.0
SMO,2006.0,,2006.0,2006.0
SNAI2,2013.0,,2013.0,2013.0
SNRNP200,2009.0,2013.0,2009.0,2009.0
SNRNP70,2015.0,2015.0,2015.0,2015.0
SNRPC,2009.0,,2009.0,2009.0
SNRPF,2012.0,2013.0,2012.0,2012.0
SNX10,2009.0,2018.0,2009.0,2009.0
SNX2,2009.0,2009.0,2009.0,2009.0
SNX24,2013.0,2018.0,2013.0,2013.0
SOD1,2013.0,2017.0,2013.0,2013.0
SPDL1,2015.0,2015.0,2015.0,2015.0
SPHK1,2009.0,,2009.0,2009.0
SRC,2016.0,,2016.0,2016.0
SSBP1,1985.0,2015.0,1985.0,1985.0
STK17A,2009.0,,2009.0,2009.0
STK33,2009.0,2018.0,2009.0,2009.0
STMN1,2009.0,,2009.0,2009.0
STX3,2013.0,2018.0,2013.0,2013.0
SUMO3,2012.0,2018.0,2012.0,2012.0
SYT14,2009.0,2018.0,2009.0,2009.0
SYT16,2012.0,,2012.0,2012.0
SYTL2,2009.0,2009.0,2009.0,2009.0
SYVN1,2017.0,2017.0,2017.0,2017.0
TAF1,2009.0,2013.0,2009.0,2009.0
TBC1D12,2013.0,2018.0,2013.0,2013.0
TBCB,2015.0,2015.0,2015.0,2015.0
TCERG1,2009.0,2019.0,2009.0,2009.0
TCOF1,2009.0,,2009.0,2009.0
TDP1,2009.0,2018.0,2009.0,2009.0
TEAD2,2009.0,2009.0,2009.0,2009.0
TGIF2,2009.0,2009.0,2009.0,2009.0
TIMM22,2009.0,2009.0,2009.0,2009.0
TK1,2013.0,,2013.0,2013.0
TKT,2017.0,2017.0,2017.0,2017.0
TLE1,2010.0,2018.0,2010.0,2010.0
TMEM126B,2012.0,2015.0,2012.0,2012.0
TMEM248,2009.0,2009.0,2009.0,2009.0
TNFAIP3,2013.0,2018.0,2013.0,2013.0
TNFRSF10B,1985.0,,1985.0,1985.0
TNFRSF10D,2013.0,2019.0,2013.0,2013.0
TNFRSF19,2013.0,2015.0,2013.0,2013.0
TOP1,2012.0,2016.0,2012.0,2012.0
TOP2A,2001.0,2012.0,2001.0,2001.0
TP53,1999.0,2012.0,1999.0,1999.0
TRAF5,2013.0,2018.0,2013.0,2013.0
TRIB3,2013.0,,2013.0,2013.0
TRIM36,2009.0,2009.0,2009.0,2009.0
TRIP11,2010.0,2018.0,2010.0,2010.0
TRMT5,2009.0,,2009.0,2009.0
TSEN2,2012.0,,2012.0,2012.0
TST,2012.0,,2012.0,2012.0
TTBK2,2009.0,2018.0,2009.0,2009.0
TTC3,2009.0,2018.0,2009.0,2009.0
TTI2,2017.0,2017.0,2017.0,2017.0
TTPAL,2009.0,2009.0,2009.0,2009.0
TUBB,2019.0,2020.0,2019.0,2019.0
TUBB1,2006.0,,2006.0,2006.0
TUBGCP3,2009.0,2017.0,2009.0,2009.0
TUBGCP4,2009.0,2009.0,2009.0,2009.0
TYMS,2006.0,,2006.0,2006.0
TYRO3,2009.0,,2009.0,2009.0
UBA1,2009.0,2009.0,2009.0,2009.0
UBA2,2009.0,2012.0,2009.0,2009.0
UBA3,2013.0,,2013.0,2013.0
UBC,2009.0,,2009.0,2009.0
UBE2B,2013.0,2018.0,2013.0,2013.0
UBE2D3,2013.0,2015.0,2013.0,2013.0
UBE2H,2013.0,2017.0,2013.0,2013.0
UBE2I,2009.0,2009.0,2009.0,2009.0
UBE2J1,2013.0,2017.0,2013.0,2013.0
UBE2L6,2012.0,2017.0,2012.0,2012.0
UBE2N,2013.0,2017.0,2013.0,2013.0
UBE2O,2009.0,2012.0,2009.0,2009.0
UHRF2,2009.0,2009.0,2009.0,2009.0
UIMC1,2013.0,2019.0,2013.0,2013.0
ULK2,2013.0,,2013.0,2013.0
UMPS,2012.0,2012.0,2012.0,2012.0
UNG,1985.0,,1985.0,1985.0
UQCR10,2009.0,2009.0,2009.0,2009.0
USP1,1985.0,2012.0,1985.0,1985.0
USP30,2009.0,2009.0,2009.0,2009.0
USP33,2012.0,2012.0,2012.0,2012.0
USP39,2009.0,2017.0,2009.0,2009.0
USP9Y,2009.0,2009.0,2009.0,2009.0
VEGFA,2017.0,,2017.0,2017.0
VHL,2006.0,,2006.0,2006.0
VPS4A,2013.0,2020.0,2013.0,2013.0
VRK1,2016.0,2019.0,2016.0,2016.0
VRK2,2012.0,2018.0,2012.0,2012.0
VRK3,2009.0,,2009.0,2009.0
WARS2,2017.0,2017.0,2017.0,2017.0
WDR13,2013.0,2017.0,2013.0,2013.0
WDR36,2009.0,2009.0,2009.0,2009.0
WDR47,2012.0,2017.0,2012.0,2012.0
WDR77,2013.0,,2013.0,2013.0
WDR83,2009.0,2009.0,2009.0,2009.0
WEE1,2013.0,2016.0,2013.0,2013.0
WNT5A,2010.0,,2010.0,2010.0
WRAP53,1985.0,2017.0,1985.0,1985.0
XIAP,2013.0,2013.0,2013.0,2013.0
XPO1,2009.0,2009.0,2009.0,2009.0
XRCC2,1985.0,,1985.0,1985.0
YTHDC1,2017.0,2017.0,2017.0,2017.0
ZC3H18,2009.0,2009.0,2009.0,2009.0
ZGPAT,2009.0,2009.0,2009.0,2009.0
ZIM3,2013.0,2018.0,2013.0,2013.0
ZNF511,2013.0,,2013.0,2013.0
ZNF566,2013.0,2018.0,2013.0,2013.0
ZNHIT6,2017.0,2017.0,2017.0,2017.0
