gene,year,crispr_first,crispr_any,future,modality
AATF,2013.0,False,True,False,RNAi
ABCB5,2009.0,False,False,False,RNAi
ABCG2,2006.0,False,False,False,RNAi
ABL1,2010.0,False,True,False,RNAi
ACTR10,2009.0,False,True,False,RNAi
ACTR2,2009.0,False,False,False,RNAi
ACVRL1,2009.0,False,True,False,RNAi
ACY1,2017.0,True,True,True,CRISPR
ADK,2016.0,False,False,False,RNAi
AEBP2,2009.0,False,False,False,RNAi
AKR1C3,2012.0,False,False,False,RNAi
AKT1,2013.0,False,True,False,RNAi
AKT2,2013.0,False,True,False,RNAi
AKT3,2016.0,False,True,False,RNAi
ALAD,2013.0,False,True,False,RNAi
ALDH5A1,2013.0,False,False,False,RNAi
ALDOA,2017.0,False,True,True,other
ALKBH3,2009.0,False,False,False,RNAi
ALPK1,2006.0,False,False,False,RNAi
ANKZF1,2013.0,False,True,False,RNAi
AP4E1,2009.0,False,False,False,RNAi
APEX2,2013.0,False,True,False,RNAi
APOC1,2009.0,False,False,False,RNAi
ARF4,2009.0,False,False,False,RNAi
ARF5,2016.0,False,False,False,RNAi
ARHGEF2,2006.0,False,False,False,other
ARHGEF35,2013.0,False,False,False,RNAi
ARID1B,2009.0,False,False,False,RNAi
ARPC2,2009.0,False,False,False,RNAi
ARPC3,2009.0,False,False,False,RNAi
ASCC3,2009.0,False,True,False,RNAi
ASPM,2006.0,False,False,False,RNAi
ATM,1985.0,False,True,False,other
ATP11B,2012.0,False,False,False,RNAi
ATP5F1B,2013.0,False,False,False,RNAi
ATP5PO,2012.0,False,False,False,RNAi
ATP6V0D2,2013.0,False,False,False,RNAi
ATP6V1G1,2017.0,False,True,True,other
ATR,2009.0,False,True,False,RNAi
ATXN1L,2009.0,False,False,False,RNAi
AURKA,2006.0,False,True,False,RNAi
AURKB,2013.0,False,True,False,RNAi
AXL,2016.0,False,True,False,RNAi
BAG5,2013.0,False,False,False,RNAi
BARD1,2012.0,False,False,False,RNAi
BCKDK,2006.0,False,True,False,RNAi
BCL2,2006.0,False,True,False,RNAi
BCL2L1,2009.0,False,True,False,RNAi
BCL2L11,2013.0,False,False,False,RNAi
BCL2L2,2013.0,False,True,False,RNAi
BCORL1,2009.0,False,False,False,RNAi
BCR,2010.0,False,False,False,RNAi
BID,1985.0,False,False,False,other
BIRC5,2003.0,False,True,False,other
BNIP1,2013.0,False,True,False,RNAi
BOD1L1,2012.0,False,True,False,RNAi
BRAF,2012.0,False,True,False,RNAi
BRCA1,1985.0,False,True,False,other
BRCA2,2009.0,False,True,False,RNAi
BRD2,2016.0,False,True,False,RNAi
BRD4,2013.0,False,True,False,RNAi
BTK,2013.0,False,True,False,RNAi
BUB1,2006.0,False,False,False,RNAi
BUB1B,2015.0,False,True,False,other
BUB3,2009.0,False,True,False,RNAi
CALM1,2009.0,False,False,False,RNAi
CAMK1,2009.0,False,False,False,RNAi
CAMK1D,2009.0,False,True,False,RNAi
CAMK2B,2010.0,False,True,False,RNAi
CAMK2D,2009.0,False,False,False,RNAi
CAMK2G,2010.0,False,True,False,RNAi
CAPN3,2009.0,False,False,False,RNAi
CAPZB,2009.0,False,True,False,RNAi
CARHSP1,2009.0,False,False,False,RNAi
CARM1,2009.0,False,True,False,RNAi
CARS1,2006.0,False,True,False,RNAi
CASP5,2013.0,False,False,False,RNAi
CASP6,2013.0,False,False,False,RNAi
CASP8,2013.0,False,True,False,RNAi
CASQ1,2009.0,False,False,False,RNAi
CCT8,2009.0,False,True,False,RNAi
CDC16,2009.0,False,True,False,RNAi
CDC23,2017.0,False,True,True,other
CDC25A,2013.0,False,True,False,RNAi
CDC25B,2009.0,False,True,False,RNAi
CDC27,2009.0,False,True,False,RNAi
CDC73,2009.0,False,True,False,RNAi
CDCA8,2009.0,False,True,False,RNAi
CDH1,2012.0,False,True,False,RNAi
CDH19,2015.0,False,False,False,other
CDK1,2013.0,False,True,False,RNAi
CDK13,2009.0,False,False,False,RNAi
CDK2,1985.0,False,True,False,other
CDK4,1985.0,False,True,False,other
CDK6,1985.0,False,True,False,other
CDK7,2013.0,False,False,False,RNAi
CDK8,2016.0,False,True,False,RNAi
CDK9,2009.0,False,True,False,RNAi
CDKL3,2009.0,False,False,False,RNAi
CDKN1A,2013.0,False,True,False,RNAi
CDKN1B,2013.0,False,True,False,RNAi
CDKN2A,2009.0,False,True,False,RNAi
CDR2,2013.0,False,False,False,RNAi
CENPK,2017.0,False,True,True,other
CETN2,1985.0,False,False,False,other
CFTR,2013.0,False,False,False,RNAi
CHAF1B,2013.0,False,False,False,RNAi
CHD1,2012.0,False,True,False,RNAi
CHEK1,2006.0,False,True,False,RNAi
CHEK2,2013.0,False,True,False,RNAi
CHN1,2009.0,False,False,False,RNAi
CIT,2009.0,False,True,False,RNAi
CKAP5,2009.0,False,True,False,RNAi
CLK3,2016.0,False,True,False,RNAi
CLPX,2009.0,False,False,False,RNAi
CMAS,2013.0,False,True,False,RNAi
CNOT1,2009.0,False,True,False,RNAi
CNTRL,2013.0,False,False,False,RNAi
COL11A1,2009.0,False,False,False,RNAi
COPE,2017.0,False,True,True,other
COPS2,2009.0,False,True,False,RNAi
COPS3,2009.0,False,False,False,RNAi
COPS4,2009.0,False,True,False,RNAi
COPS5,2009.0,False,True,False,RNAi
COPS8,2009.0,False,False,False,RNAi
COQ2,2019.0,True,True,True,CRISPR
COX6C,2017.0,False,True,True,other
CPNE1,2009.0,False,False,False,RNAi
CPSF1,2010.0,False,False,False,RNAi
CSF1R,2010.0,False,True,False,RNAi
CSK,2009.0,False,True,False,RNAi
CSNK2A2,2013.0,False,False,False,RNAi
CSRNP1,2009.0,False,False,False,RNAi
CTDSPL,2010.0,False,False,False,RNAi
CUL5,2009.0,False,False,False,RNAi
CXCL10,2012.0,False,False,False,RNAi
CYLD,2009.0,False,False,False,RNAi
CYP24A1,2013.0,False,False,False,RNAi
CYP2J2,2013.0,False,False,False,RNAi
DAP3,2013.0,False,True,False,RNAi
DAPK2,2009.0,False,False,False,RNAi
DAPK3,2013.0,False,True,False,RNAi
DCK,2006.0,False,True,False,RNAi
DCTN4,2009.0,False,True,False,RNAi
DCXR,2009.0,False,True,False,RNAi
DDR1,2010.0,False,True,False,RNAi
DDR2,2016.0,False,True,False,RNAi
DDX46,2009.0,False,True,False,RNAi
DGKA,2009.0,False,False,False,RNAi
DGKE,2016.0,False,False,False,RNAi
DHFR,2009.0,False,True,False,other
DHX29,2012.0,False,False,False,RNAi
DICER1,2009.0,False,True,False,RNAi
DIDO1,2009.0,False,False,False,RNAi
DIXDC1,2009.0,False,False,False,RNAi
DLAT,2010.0,False,False,False,RNAi
DLG4,2009.0,False,False,False,RNAi
DNMT1,2013.0,False,True,False,RNAi
DNTT,1985.0,False,False,False,other
DNTTIP1,2009.0,False,False,False,RNAi
DONSON,2013.0,False,True,False,RNAi
DSTYK,2009.0,False,False,False,RNAi
DUSP16,2009.0,False,False,False,RNAi
DUSP6,2013.0,False,False,False,RNAi
EFCAB12,2009.0,False,False,False,RNAi
EGFR,1985.0,False,True,False,other
EGLN3,2013.0,False,False,False,RNAi
EIF2S1,2013.0,False,False,False,RNAi
EIF3A,2009.0,False,False,False,RNAi
EIF3G,2009.0,False,False,False,RNAi
EIF4A1,2013.0,False,True,False,RNAi
EIF4A3,2009.0,False,False,False,RNAi
EIF4G1,2009.0,False,True,False,RNAi
EIF4G2,2009.0,False,True,False,RNAi
EIF5B,2017.0,False,True,True,other
ELMO1,2013.0,False,False,False,RNAi
ELOVL3,2009.0,False,False,False,RNAi
ELP4,2012.0,False,True,False,RNAi
EMC7,2013.0,False,True,False,RNAi
ENPP1,2013.0,False,False,False,RNAi
EOLA1,2009.0,False,False,False,RNAi
EP400,2013.0,False,False,False,RNAi
EPHA1,2006.0,False,False,False,RNAi
EPHB2,2017.0,True,True,True,CRISPR
EPRS1,2009.0,False,True,False,RNAi
ERBB2,2017.0,True,True,True,CRISPR
ERBB3,2012.0,False,True,False,RNAi
ERBB4,2016.0,False,True,False,RNAi
ERBIN,2009.0,False,False,False,RNAi
ERCC1,1985.0,False,False,False,other
ERCC2,2013.0,False,False,False,RNAi
ERCC3,2013.0,False,False,False,RNAi
ERGIC2,2009.0,False,False,False,RNAi
ERH,2009.0,False,True,False,RNAi
ERN1,2013.0,False,False,False,RNAi
ERN2,2009.0,False,False,False,RNAi
ETFBKMT,2009.0,False,False,False,RNAi
EXOSC4,2009.0,False,True,False,RNAi
FABP4,2009.0,False,True,False,RNAi
FAM50A,2017.0,False,True,True,other
FANCA,2009.0,False,False,False,RNAi
FANCD2,2009.0,False,False,False,RNAi
FANCL,2013.0,False,False,False,RNAi
FASTK,2013.0,False,False,False,RNAi
FBXL2,2009.0,False,False,False,RNAi
FBXO28,2009.0,False,True,False,RNAi
FBXO5,2013.0,False,False,False,RNAi
FBXW7,2005.0,False,False,False,other
FDPS,2017.0,False,True,True,other
FEN1,2013.0,False,True,False,RNAi
FER,2009.0,False,False,False,RNAi
FGD6,2012.0,False,False,False,RNAi
FGFR2,2016.0,False,True,False,RNAi
FGFR3,2017.0,True,True,True,CRISPR
FIP1L1,2009.0,False,True,False,RNAi
FLT1,2009.0,False,False,False,RNAi
FUZ,2013.0,False,False,False,RNAi
FZD2,2010.0,False,False,False,RNAi
GAPDH,2010.0,False,True,False,RNAi
GAS2,2013.0,False,False,False,RNAi
GAS2L2,2013.0,False,False,False,RNAi
GATA3,2017.0,True,True,True,CRISPR
GATA6,2009.0,False,False,False,RNAi
GEN1,2013.0,False,False,False,RNAi
GMPS,2017.0,True,True,True,CRISPR
GNL3L,2009.0,False,True,False,RNAi
GNPAT,2018.0,False,True,True,other
GNPNAT1,2012.0,False,False,False,RNAi
GOSR1,2009.0,False,False,False,RNAi
GOT2,2009.0,False,True,False,RNAi
GPI,2017.0,True,True,True,CRISPR
GPN3,2009.0,False,True,False,RNAi
GPRC5B,2012.0,False,False,False,RNAi
GPSM2,2012.0,False,False,False,RNAi
GPX1,2017.0,True,True,True,CRISPR
GPX4,2009.0,False,False,False,RNAi
GRB2,2015.0,False,True,False,other
GRHL2,2009.0,False,False,False,RNAi
GRK6,2009.0,False,False,False,RNAi
GTF2A1L,2009.0,False,False,False,RNAi
GTF2E2,2012.0,False,False,False,RNAi
GTF2H1,1985.0,False,True,False,other
GTF2H4,2013.0,False,True,False,RNAi
GTPBP4,2012.0,False,True,False,RNAi
GZMB,2013.0,False,False,False,RNAi
HAGH,2013.0,False,False,False,RNAi
HBS1L,2009.0,False,True,False,RNAi
HCAR1,2009.0,False,False,False,RNAi
HCK,2009.0,False,True,False,RNAi
HDAC1,2013.0,False,True,False,RNAi
HDAC2,2013.0,False,True,False,RNAi
HHATL,2009.0,False,False,False,RNAi
HIGD2A,2009.0,False,False,False,RNAi
HIPK1,2009.0,False,False,False,RNAi
HK2,2013.0,False,True,False,RNAi
HMGCR,2017.0,True,True,True,CRISPR
HNRNPC,2009.0,False,False,False,RNAi
HRAS,2003.0,False,False,False,other
HSCB,2009.0,False,True,False,RNAi
HSPA9,2009.0,False,False,False,RNAi
HUS1,2013.0,False,True,False,RNAi
HUWE1,2009.0,False,False,False,RNAi
IAPP,2013.0,False,False,False,RNAi
IARS1,2009.0,False,True,False,RNAi
IARS2,2009.0,False,False,False,RNAi
IBTK,2009.0,False,False,False,RNAi
ICMT,2009.0,False,False,False,RNAi
IFI16,2010.0,False,False,False,RNAi
IGF1,1985.0,False,False,False,other
IGF1R,2013.0,False,True,False,RNAi
ILK,2006.0,False,True,False,RNAi
INTS3,2013.0,False,True,False,RNAi
IPMK,2013.0,False,False,False,RNAi
ITFG1,2009.0,False,False,False,RNAi
JAK2,2017.0,True,True,True,CRISPR
JUN,2013.0,False,False,False,RNAi
KALRN,2009.0,False,False,False,RNAi
KARS1,2009.0,False,True,False,RNAi
KBTBD4,2012.0,False,False,False,RNAi
KCMF1,2009.0,False,False,False,RNAi
KCNH7,2009.0,False,False,False,RNAi
KCNQ4,2006.0,False,True,False,RNAi
KCTD3,2009.0,False,False,False,RNAi
KDM2A,2009.0,False,False,False,RNAi
KDM3B,2009.0,False,False,False,RNAi
KDM5B,2009.0,False,False,False,RNAi
KDM6A,2017.0,True,True,True,CRISPR
KDR,1985.0,False,False,False,other
KIF11,2009.0,False,True,False,RNAi
KIF14,2009.0,False,True,False,RNAi
KIF2C,2009.0,False,False,False,RNAi
KIN,2013.0,False,False,False,RNAi
KIT,2009.0,False,True,False,RNAi
KLHL8,2009.0,False,False,False,RNAi
KMT2A,2009.0,False,False,False,RNAi
KMT5B,2009.0,False,False,False,RNAi
KPRP,2009.0,False,False,False,RNAi
KRAS,2007.0,False,False,False,other
KRT32,2009.0,False,False,False,RNAi
LAMA2,2012.0,False,False,False,RNAi
LARS1,2017.0,False,True,True,other
LCK,2016.0,False,True,False,RNAi
LEO1,2019.0,True,True,True,CRISPR
LIG1,2013.0,False,True,False,RNAi
LRRC59,2013.0,False,False,False,RNAi
LSM12,2012.0,False,False,False,RNAi
LTK,2009.0,False,False,False,RNAi
MADD,2013.0,False,False,False,RNAi
MAP2K1,2009.0,False,True,False,RNAi
MAP2K5,2009.0,False,True,False,RNAi
MAP2K7,2009.0,False,True,False,RNAi
MAP3K1,2006.0,False,True,False,RNAi
MAP3K10,2013.0,False,True,False,RNAi
MAP3K5,2013.0,False,True,False,RNAi
MAP3K7,2009.0,False,False,False,RNAi
MAP3K8,2016.0,False,True,False,RNAi
MAP4,1999.0,False,False,False,other
MAPK1,2013.0,False,True,False,RNAi
MAPK12,1985.0,False,True,False,other
MAPK3,2013.0,False,True,False,RNAi
MAPK8,2009.0,False,False,False,RNAi
MAPK8IP1,2016.0,False,True,False,RNAi
MAPKAP1,2009.0,False,True,False,RNAi
MAPKAPK2,2009.0,False,True,False,RNAi
MAPKAPK3,2009.0,False,False,False,RNAi
MAPKAPK5,2009.0,False,False,False,RNAi
MARCHF6,2013.0,False,False,False,RNAi
MARS1,2017.0,False,True,True,other
MASTL,2009.0,False,True,False,RNAi
MAX,2012.0,False,True,False,RNAi
MCL1,2013.0,False,True,False,RNAi
MDH2,2009.0,False,True,False,RNAi
MDM2,1985.0,False,False,False,other
ME1,2013.0,False,True,False,RNAi
MED22,2015.0,False,True,False,other
MED23,2009.0,False,True,False,RNAi
MED28,2013.0,False,True,False,RNAi
MET,2016.0,False,True,False,RNAi
METAP2,2009.0,False,True,False,RNAi
MLH1,2013.0,False,True,False,RNAi
MLH3,2013.0,False,False,False,RNAi
MORC2,2012.0,False,False,False,RNAi
MPDZ,2009.0,False,False,False,RNAi
MPHOSPH6,2009.0,False,True,False,RNAi
MRE11,2013.0,False,False,False,RNAi
MRPL3,2009.0,False,True,False,RNAi
MRPL37,2017.0,False,True,True,other
MRPL39,2009.0,False,True,False,RNAi
MRPL46,2017.0,False,True,True,other
MRPS10,2013.0,False,True,False,RNAi
MRPS11,2017.0,False,True,True,other
MRPS28,2013.0,False,True,False,RNAi
MRPS30,2013.0,False,True,False,RNAi
MRPS9,2018.0,False,True,True,other
MSH2,2009.0,False,False,False,other
MSH3,2013.0,False,False,False,RNAi
MSH5,2013.0,False,False,False,RNAi
MSH6,2013.0,False,True,False,RNAi
MST1R,2016.0,False,True,False,RNAi
MTBP,2009.0,False,True,False,RNAi
MTG2,2013.0,False,False,False,RNAi
MTOR,1985.0,False,True,False,other
MYC,2004.0,False,False,False,other
NAA10,2009.0,False,False,False,RNAi
NAA15,2009.0,False,False,False,RNAi
NAA50,2013.0,False,True,False,RNAi
NACA,2012.0,False,True,False,RNAi
NAE1,2009.0,False,False,False,RNAi
NAMPT,2012.0,False,True,False,other
NBN,2013.0,False,False,False,RNAi
NCAPD2,2009.0,False,True,False,RNAi
NCOR1,2009.0,False,False,False,RNAi
NDUFA9,2009.0,False,True,False,RNAi
NDUFS1,2013.0,False,False,False,RNAi
NDUFV2,2009.0,False,False,False,RNAi
NEK1,2009.0,False,False,False,RNAi
NFATC1,2010.0,False,False,False,RNAi
NFE2L2,2013.0,False,False,False,RNAi
NFYB,2012.0,False,False,False,RNAi
NFYC,2013.0,False,True,False,RNAi
NHP2,1985.0,False,False,False,other
NME3,2013.0,False,False,False,RNAi
NME6,2013.0,False,False,False,RNAi
NME7,2016.0,False,False,False,RNAi
NOC2L,2017.0,False,True,True,other
NOL10,2009.0,False,True,False,RNAi
NOL4,2009.0,False,False,False,RNAi
NOL8,2009.0,False,True,False,RNAi
NOLC1,2013.0,False,True,False,RNAi
NOP10,2009.0,False,False,False,RNAi
NOP56,2009.0,False,False,False,RNAi
NOP58,2017.0,False,True,True,other
NOS2,2013.0,False,True,False,RNAi
NPR2,2009.0,False,True,False,RNAi
NR1I2,2006.0,False,False,False,RNAi
NR5A1,2009.0,False,True,False,RNAi
NRAS,2009.0,False,False,False,RNAi
NRDC,2009.0,False,False,False,RNAi
NSMCE1,2013.0,False,True,False,RNAi
NTRK1,2010.0,False,True,False,RNAi
NUMB,2009.0,False,False,False,RNAi
NUP43,2009.0,False,True,False,RNAi
NUP54,2013.0,False,True,False,RNAi
NUP58,2013.0,False,False,False,RNAi
ODC1,2009.0,False,False,False,RNAi
OPA1,2013.0,False,True,False,RNAi
OR2H2,2009.0,False,False,False,RNAi
PAFAH1B1,2009.0,False,True,False,RNAi
PAK1,2009.0,False,False,False,RNAi
PALMD,2009.0,False,False,False,RNAi
PANK2,2009.0,False,False,False,RNAi
PARP1,1985.0,False,True,False,other
PARP2,1985.0,False,True,False,other
PATJ,2013.0,False,False,False,RNAi
PCK1,2016.0,False,True,False,RNAi
PCNT,2012.0,False,False,False,RNAi
PDCD7,2013.0,False,True,False,RNAi
PDGFRA,2010.0,False,True,False,RNAi
PDHB,2009.0,False,True,False,RNAi
PDSS2,2009.0,False,True,False,RNAi
PFDN5,2013.0,False,False,False,RNAi
PFKP,2017.0,False,True,True,other
PHF20L1,2015.0,False,False,False,other
PI4K2A,2009.0,False,False,False,RNAi
PIK3CA,2015.0,False,True,False,other
PIK3CB,2017.0,True,True,True,CRISPR
PIK3R1,2016.0,False,True,False,RNAi
PIK3R2,2016.0,False,True,False,RNAi
PIM2,2009.0,False,True,False,RNAi
PIN1,2009.0,False,False,False,RNAi
PINK1,2009.0,False,False,False,RNAi
PKD2,2013.0,False,False,False,RNAi
PKLR,2016.0,False,True,False,RNAi
PKN2,2006.0,False,False,False,RNAi
PLEKHG4,2009.0,False,False,False,RNAi
PLSCR1,2013.0,False,False,False,RNAi
PLXDC1,2013.0,False,False,False,RNAi
PMF1,2009.0,False,True,False,RNAi
PMS1,2013.0,False,False,False,RNAi
PMS2,1985.0,False,False,False,other
PMVK,2017.0,False,True,True,other
PNN,2017.0,False,True,True,other
POLA1,2009.0,False,True,False,RNAi
POLB,2009.0,False,False,False,RNAi
POLD1,1985.0,False,True,False,other
POLE,1985.0,False,True,False,other
POLE2,2017.0,False,True,True,other
POLG,2009.0,False,False,False,RNAi
POLM,1985.0,False,False,False,other
POLN,2013.0,False,True,False,RNAi
POLR2K,2015.0,False,True,False,other
POLR3A,2017.0,False,True,True,other
POLR3B,2009.0,False,True,False,RNAi
POMC,2012.0,False,True,False,RNAi
POT1,2013.0,False,False,False,RNAi
POU2F1,2013.0,False,False,False,RNAi
PPAT,2017.0,False,True,True,other
PPM1D,1985.0,False,False,False,other
PPP1CC,2017.0,True,True,True,CRISPR
PPP1R8,2009.0,False,False,False,RNAi
PPP2R1B,2009.0,False,False,False,RNAi
PPP2R5A,2016.0,False,False,False,RNAi
PRKAA1,2007.0,False,True,False,other
PRKAA2,2013.0,False,False,False,RNAi
PRKAB1,2012.0,False,True,False,RNAi
PRKAR2B,2009.0,False,False,False,RNAi
PRKCA,2008.0,False,True,False,other
PRKCD,2010.0,False,True,False,other
PRKCZ,2013.0,False,True,False,RNAi
PRPF8,2012.0,False,False,False,RNAi
PRPSAP1,2013.0,False,False,False,RNAi
PSKH2,2009.0,False,False,False,RNAi
PSMA1,2009.0,False,False,False,RNAi
PSMA5,2009.0,False,False,False,RNAi
PSMB6,2009.0,False,True,False,RNAi
PSMC1,2013.0,False,True,False,RNAi
PSMC2,2013.0,False,True,False,RNAi
PSMC6,2013.0,False,True,False,RNAi
PSMD12,2009.0,False,True,False,RNAi
PSMD6,2009.0,False,True,False,RNAi
PTEN,2012.0,False,True,False,RNAi
PTH,2013.0,False,False,False,RNAi
PTPRF,2006.0,False,False,False,RNAi
PTPRZ1,2017.0,True,True,True,CRISPR
PWP1,2009.0,False,True,False,RNAi
PXDC1,2009.0,False,False,False,RNAi
PXDNL,2013.0,False,False,False,RNAi
QARS1,2009.0,False,True,False,RNAi
RAC1,2009.0,False,False,False,RNAi
RAD1,2013.0,False,False,False,RNAi
RAD23B,1985.0,False,False,False,other
RAD51,1985.0,False,True,False,other
RAD51AP1,2013.0,False,False,False,RNAi
RAD54B,2013.0,False,False,False,RNAi
RAD9A,1985.0,False,False,False,other
RAD9B,2009.0,False,False,False,RNAi
RAF1,2013.0,False,False,False,RNAi
RAG1,2009.0,False,False,False,RNAi
RAP1GDS1,2009.0,False,False,False,RNAi
RAPGEF1,2009.0,False,False,False,RNAi
RB1,2001.0,False,True,False,other
RB1CC1,2012.0,False,False,False,RNAi
RBBP8,2013.0,False,True,False,RNAi
RECQL,2013.0,False,False,False,RNAi
RELA,1985.0,False,True,False,other
RELN,2009.0,False,False,False,RNAi
RERG,2013.0,False,False,False,RNAi
RET,2010.0,False,True,False,RNAi
RFC4,2013.0,False,True,False,RNAi
RFC5,2006.0,False,True,False,RNAi
RFWD3,2013.0,False,False,False,RNAi
RGP1,2009.0,False,False,False,RNAi
RLF,2009.0,False,False,False,RNAi
RNASEL,2006.0,False,False,False,RNAi
RNF130,2009.0,False,False,False,RNAi
RNF20,2009.0,False,True,False,RNAi
RNF40,2009.0,False,False,False,RNAi
RO60,2010.0,False,False,False,RNAi
RPA1,2013.0,False,False,False,RNAi
RPA3,2013.0,False,True,False,RNAi
RPE,2013.0,False,True,False,RNAi
RPF1,2009.0,False,False,False,RNAi
RPF2,2009.0,False,True,False,RNAi
RPL10,2017.0,False,True,True,other
RPL13,2009.0,False,True,False,RNAi
RPL3,2019.0,True,True,True,CRISPR
RPL30,2009.0,False,True,False,RNAi
RPL32,2017.0,False,True,True,other
RPL35,2009.0,False,True,False,RNAi
RPL36A,2010.0,False,True,False,RNAi
RPL5,2010.0,False,True,False,RNAi
RPP38,2009.0,False,True,False,RNAi
RPS18,2017.0,False,True,True,other
RPS6,2017.0,False,False,True,other
RPS6KA2,2017.0,True,True,True,CRISPR
RPS6KA5,2016.0,False,False,False,RNAi
RPS6KB1,2016.0,False,True,False,RNAi
RPS6KB2,2013.0,False,False,False,RNAi
RPS6KL1,2009.0,False,False,False,RNAi
RPTOR,2017.0,False,True,True,other
RRM1,1985.0,False,True,False,other
RRM2,2013.0,False,True,False,RNAi
SAE1,2009.0,False,False,False,RNAi
SAP18,2017.0,False,True,True,other
SCNN1G,2013.0,False,False,False,RNAi
SEH1L,2009.0,False,True,False,RNAi
SESN2,1985.0,False,False,False,other
SGIP1,2013.0,False,False,False,RNAi
SGK2,2012.0,False,False,False,RNAi
SH2D3A,2009.0,False,False,False,RNAi
SHC1,2015.0,False,False,False,other
SHOC1,2009.0,False,False,False,RNAi
SIT1,2013.0,False,False,False,RNAi
SKP2,2016.0,False,True,False,RNAi
SLC22A2,2010.0,False,False,False,RNAi
SLC25A12,2013.0,False,False,False,RNAi
SLC2A2,2009.0,False,False,False,RNAi
SLC35A1,2015.0,False,True,False,other
SLC35G2,2009.0,False,False,False,RNAi
SMAD4,2006.0,False,True,False,RNAi
SMARCA4,2017.0,True,True,True,CRISPR
SMC1A,2012.0,False,False,False,other
SMC3,2012.0,False,False,False,other
SMC6,2013.0,False,False,False,RNAi
SMNDC1,2013.0,False,True,False,RNAi
SMO,2006.0,False,True,False,RNAi
SNAI2,2013.0,False,False,False,RNAi
SNRNP200,2009.0,False,True,False,RNAi
SNRNP70,2015.0,False,True,False,other
SNRPC,2009.0,False,True,False,RNAi
SNRPF,2012.0,False,False,False,RNAi
SNX10,2009.0,False,False,False,RNAi
SNX2,2009.0,False,False,False,RNAi
SNX24,2013.0,False,False,False,RNAi
SOD1,2013.0,False,False,False,RNAi
SPDL1,2015.0,False,True,False,other
SPHK1,2009.0,False,True,False,RNAi
SRC,2016.0,False,True,False,RNAi
SSBP1,1985.0,False,True,False,other
STK17A,2009.0,False,False,False,RNAi
STK33,2009.0,False,False,False,RNAi
STMN1,2009.0,False,True,False,RNAi
STX3,2013.0,False,False,False,RNAi
SUMO3,2012.0,False,False,False,RNAi
SYT14,2009.0,False,False,False,RNAi
SYT16,2012.0,False,False,False,RNAi
SYTL2,2009.0,False,False,False,RNAi
SYVN1,2017.0,False,True,True,other
TAF1,2009.0,False,True,False,RNAi
TBC1D12,2013.0,False,False,False,RNAi
TBCB,2015.0,False,True,False,other
TCERG1,2009.0,False,False,False,RNAi
TCOF1,2009.0,False,True,False,RNAi
TDP1,2009.0,False,False,False,RNAi
TEAD2,2009.0,False,False,False,RNAi
TGIF2,2009.0,False,True,False,RNAi
TIMM22,2009.0,False,True,False,RNAi
TK1,2013.0,False,True,False,RNAi
TKT,2017.0,False,True,True,other
TLE1,2010.0,False,False,False,RNAi
TMEM126B,2012.0,False,False,False,RNAi
TMEM248,2009.0,False,False,False,RNAi
TNFAIP3,2013.0,False,False,False,RNAi
TNFRSF10B,1985.0,False,False,False,other
TNFRSF10D,2013.0,False,False,False,RNAi
TNFRSF19,2013.0,False,False,False,RNAi
TOP1,2012.0,False,True,False,other
TOP2A,2001.0,False,False,False,other
TP53,1999.0,False,False,False,other
TRAF5,2013.0,False,False,False,RNAi
TRIB3,2013.0,False,False,False,RNAi
TRIM36,2009.0,False,False,False,RNAi
TRIP11,2010.0,False,False,False,RNAi
TRMT5,2009.0,False,True,False,RNAi
TSEN2,2012.0,False,True,False,RNAi
TST,2012.0,False,True,False,RNAi
TTBK2,2009.0,False,False,False,RNAi
TTC3,2009.0,False,False,False,RNAi
TTI2,2017.0,False,True,True,other
TTPAL,2009.0,False,False,False,RNAi
TUBB,2019.0,True,True,True,CRISPR
TUBB1,2006.0,False,False,False,RNAi
TUBGCP3,2009.0,False,True,False,RNAi
TUBGCP4,2009.0,False,True,False,RNAi
TYMS,2006.0,False,True,False,RNAi
TYRO3,2009.0,False,False,False,RNAi
UBA1,2009.0,False,False,False,RNAi
UBA2,2009.0,False,True,False,RNAi
UBA3,2013.0,False,True,False,RNAi
UBC,2009.0,False,True,False,RNAi
UBE2B,2013.0,False,False,False,RNAi
UBE2D3,2013.0,False,False,False,RNAi
UBE2H,2013.0,False,False,False,RNAi
UBE2I,2009.0,False,False,False,RNAi
UBE2J1,2013.0,False,False,False,RNAi
UBE2L6,2012.0,False,False,False,RNAi
UBE2N,2013.0,False,False,False,RNAi
UBE2O,2009.0,False,False,False,RNAi
UHRF2,2009.0,False,False,False,RNAi
UIMC1,2013.0,False,False,False,RNAi
ULK2,2013.0,False,False,False,RNAi
UMPS,2012.0,False,True,False,RNAi
UNG,1985.0,False,False,False,other
UQCR10,2009.0,False,False,False,RNAi
USP1,1985.0,False,False,False,other
USP30,2009.0,False,False,False,RNAi
USP33,2012.0,False,False,False,other
USP39,2009.0,False,False,False,RNAi
USP9Y,2009.0,False,False,False,RNAi
VEGFA,2017.0,True,True,True,CRISPR
VHL,2006.0,False,True,False,other
VPS4A,2013.0,False,True,False,RNAi
VRK1,2016.0,False,False,False,RNAi
VRK2,2012.0,False,False,False,RNAi
VRK3,2009.0,False,False,False,RNAi
WARS2,2017.0,False,True,True,other
WDR13,2013.0,False,False,False,RNAi
WDR36,2009.0,False,True,False,RNAi
WDR47,2012.0,False,False,False,RNAi
WDR77,2013.0,False,True,False,RNAi
WDR83,2009.0,False,False,False,RNAi
WEE1,2013.0,False,True,False,RNAi
WNT5A,2010.0,False,False,False,RNAi
WRAP53,1985.0,False,False,False,other
XIAP,2013.0,False,True,False,RNAi
XPO1,2009.0,False,True,False,RNAi
XRCC2,1985.0,False,False,False,other
YTHDC1,2017.0,False,True,True,other
ZC3H18,2009.0,False,False,False,RNAi
ZGPAT,2009.0,False,False,False,RNAi
ZIM3,2013.0,False,False,False,RNAi
ZNF511,2013.0,False,True,False,RNAi
ZNF566,2013.0,False,False,False,RNAi
ZNHIT6,2017.0,False,True,True,other
