gene,rank,crispr_first
ACY1,7652,True
ALDOA,3176,False
ATP6V1G1,3004,False
CDC23,68,False
CENPK,4455,False
COPE,5852,False
COQ2,8552,True
COX6C,8986,False
EIF5B,1139,False
EPHB2,2444,True
ERBB2,1769,True
FAM50A,4345,False
FDPS,6816,False
FGFR3,159,True
GATA3,2037,True
GMPS,2421,True
GNPAT,3670,False
GPI,7943,True
GPX1,3260,True
GPX1,3264,True
HMGCR,4913,True
JAK2,150,True
KDM6A,1546,True
LARS1,10977,False
LEO1,6474,True
MARS1,10820,False
MRPL37,2669,False
MRPL46,5391,False
MRPS11,6514,False
MRPS9,3631,False
NOC2L,1181,False
NOP58,3757,False
PFKP,6101,False
PIK3CB,6630,True
PMVK,3001,False
PNN,3256,False
POLE2,4672,False
POLR3A,7834,False
PPAT,7562,False
PPP1CC,419,True
PTPRZ1,5131,True
RPL10,2635,False
RPL3,2626,True
RPL32,1496,False
RPS18,905,False
RPS6,296,False
RPS6KA2,2698,True
RPTOR,3068,False
SAP18,715,False
SMARCA4,418,True
SYVN1,3943,False
TKT,902,False
TTI2,4386,False
TUBB,426,True
VEGFA,795,True
WARS2,11770,False
YTHDC1,6114,False
ZNHIT6,6779,False
